match_id,season,date,team1,team2,winner,venue,city,toss_winner,toss_decision,result,player_of_match
1082591,2017,2017-04-05,Sunrisers Hyderabad,Royal Challengers Bangalore,Sunrisers Hyderabad,"Rajiv Gandhi International Stadium, Uppal",Hyderabad,Royal Challengers Bangalore,field,,Yuvraj Singh
1082592,2017,2017-04-06,Rising Pune Supergiant,Mumbai Indians,Rising Pune Supergiant,Maharashtra Cricket Association Stadium,Pune,Rising Pune Supergiant,field,,SPD Smith
1082593,2017,2017-04-07,Gujarat Lions,Kolkata Knight Riders,Kolkata Knight Riders,Saurashtra Cricket Association Stadium,Rajkot,Kolkata Knight Riders,field,,CA Lynn
1082594,2017,2017-04-08,Kings XI Punjab,Rising Pune Supergiant,Kings XI Punjab,Holkar Cricket Stadium,Indore,Kings XI Punjab,field,,GJ Maxwell
1082595,2017,2017-04-08,Royal Challengers Bangalore,Delhi Daredevils,Royal Challengers Bangalore,M.Chinnaswamy Stadium,Bengaluru,Royal Challengers Bangalore,bat,,KM Jadhav
1082596,2017,2017-04-09,Sunrisers Hyderabad,Gujarat Lions,Sunrisers Hyderabad,"Rajiv Gandhi International Stadium, Uppal",Hyderabad,Sunrisers Hyderabad,field,,Rashid Khan
1082597,2017,2017-04-09,Mumbai Indians,Kolkata Knight Riders,Mumbai Indians,Wankhede Stadium,Mumbai,Mumbai Indians,field,,N Rana
1082598,2017,2017-04-10,Kings XI Punjab,Royal Challengers Bangalore,Kings XI Punjab,Holkar Cricket Stadium,Indore,Royal Challengers Bangalore,bat,,AR Patel
1082599,2017,2017-04-11,Rising Pune Supergiant,Delhi Daredevils,Delhi Daredevils,Maharashtra Cricket Association Stadium,Pune,Rising Pune Supergiant,field,,SV Samson
1082600,2017,2017-04-12,Mumbai Indians,Sunrisers Hyderabad,Mumbai Indians,Wankhede Stadium,Mumbai,Mumbai Indians,field,,JJ Bumrah
1082601,2017,2017-04-13,Kolkata Knight Riders,Kings XI Punjab,Kolkata Knight Riders,Eden Gardens,Kolkata,Kolkata Knight Riders,field,,SP Narine
1082602,2017,2017-04-14,Royal Challengers Bangalore,Mumbai Indians,Mumbai Indians,M Chinnaswamy Stadium,Bangalore,Mumbai Indians,field,,KA Pollard
1082603,2017,2017-04-14,Gujarat Lions,Rising Pune Supergiant,Gujarat Lions,Saurashtra Cricket Association Stadium,Rajkot,Gujarat Lions,field,,AJ Tye
1082604,2017,2017-04-15,Kolkata Knight Riders,Sunrisers Hyderabad,Kolkata Knight Riders,Eden Gardens,Kolkata,Sunrisers Hyderabad,field,,RV Uthappa
1082605,2017,2017-04-15,Delhi Daredevils,Kings XI Punjab,Delhi Daredevils,Feroz Shah Kotla,Delhi,Delhi Daredevils,bat,,CJ Anderson
1082606,2017,2017-04-16,Mumbai Indians,Gujarat Lions,Mumbai Indians,Wankhede Stadium,Mumbai,Mumbai Indians,field,,N Rana
1082607,2017,2017-04-16,Royal Challengers Bangalore,Rising Pune Supergiant,Rising Pune Supergiant,M Chinnaswamy Stadium,Bangalore,Royal Challengers Bangalore,field,,BA Stokes
1082608,2017,2017-04-17,Delhi Daredevils,Kolkata Knight Riders,Kolkata Knight Riders,Feroz Shah Kotla,Delhi,Delhi Daredevils,bat,,NM Coulter-Nile
1082609,2017,2017-04-17,Sunrisers Hyderabad,Kings XI Punjab,Sunrisers Hyderabad,"Rajiv Gandhi International Stadium, Uppal",Hyderabad,Kings XI Punjab,field,,B Kumar
1082610,2017,2017-04-18,Gujarat Lions,Royal Challengers Bangalore,Royal Challengers Bangalore,Saurashtra Cricket Association Stadium,Rajkot,Gujarat Lions,field,,CH Gayle
1082611,2017,2017-04-19,Sunrisers Hyderabad,Delhi Daredevils,Sunrisers Hyderabad,"Rajiv Gandhi International Stadium, Uppal",Hyderabad,Sunrisers Hyderabad,bat,,KS Williamson
1082612,2017,2017-04-20,Kings XI Punjab,Mumbai Indians,Mumbai Indians,Holkar Cricket Stadium,Indore,Mumbai Indians,field,,JC Buttler
1082613,2017,2017-04-21,Kolkata Knight Riders,Gujarat Lions,Gujarat Lions,Eden Gardens,Kolkata,Gujarat Lions,field,,SK Raina
1082614,2017,2017-04-22,Mumbai Indians,Delhi Daredevils,Mumbai Indians,Wankhede Stadium,Mumbai,Delhi Daredevils,field,,MJ McClenaghan
1082615,2017,2017-04-22,Rising Pune Supergiant,Sunrisers Hyderabad,Rising Pune Supergiant,Maharashtra Cricket Association Stadium,Pune,Rising Pune Supergiant,field,,MS Dhoni
1082616,2017,2017-04-23,Gujarat Lions,Kings XI Punjab,Kings XI Punjab,Saurashtra Cricket Association Stadium,Rajkot,Gujarat Lions,field,,HM Amla
1082617,2017,2017-04-23,Kolkata Knight Riders,Royal Challengers Bangalore,Kolkata Knight Riders,Eden Gardens,Kolkata,Royal Challengers Bangalore,field,,NM Coulter-Nile
1082618,2017,2017-04-24,Mumbai Indians,Rising Pune Supergiant,Rising Pune Supergiant,Wankhede Stadium,Mumbai,Mumbai Indians,field,,BA Stokes
1082620,2017,2017-04-26,Rising Pune Supergiant,Kolkata Knight Riders,Kolkata Knight Riders,Maharashtra Cricket Association Stadium,Pune,Kolkata Knight Riders,field,,RV Uthappa
1082621,2017,2017-04-27,Royal Challengers Bangalore,Gujarat Lions,Gujarat Lions,M Chinnaswamy Stadium,Bangalore,Gujarat Lions,field,,AJ Tye
1082622,2017,2017-04-28,Kolkata Knight Riders,Delhi Daredevils,Kolkata Knight Riders,Eden Gardens,Kolkata,Kolkata Knight Riders,field,,G Gambhir
1082623,2017,2017-04-28,Kings XI Punjab,Sunrisers Hyderabad,Sunrisers Hyderabad,"Punjab Cricket Association IS Bindra Stadium, Mohali",Chandigarh,Kings XI Punjab,field,,Rashid Khan
1082624,2017,2017-04-29,Rising Pune Supergiant,Royal Challengers Bangalore,Rising Pune Supergiant,Maharashtra Cricket Association Stadium,Pune,Royal Challengers Bangalore,field,,LH Ferguson
1082625,2017,2017-04-29,Gujarat Lions,Mumbai Indians,,Saurashtra Cricket Association Stadium,Rajkot,Gujarat Lions,bat,tie,KH Pandya
1082626,2017,2017-04-30,Kings XI Punjab,Delhi Daredevils,Kings XI Punjab,"Punjab Cricket Association IS Bindra Stadium, Mohali",Chandigarh,Kings XI Punjab,field,,Sandeep Sharma
1082627,2017,2017-04-30,Sunrisers Hyderabad,Kolkata Knight Riders,Sunrisers Hyderabad,"Rajiv Gandhi International Stadium, Uppal",Hyderabad,Kolkata Knight Riders,field,,DA Warner
1082628,2017,2017-05-01,Mumbai Indians,Royal Challengers Bangalore,Mumbai Indians,Wankhede Stadium,Mumbai,Royal Challengers Bangalore,bat,,RG Sharma
1082629,2017,2017-05-01,Rising Pune Supergiant,Gujarat Lions,Rising Pune Supergiant,Maharashtra Cricket Association Stadium,Pune,Rising Pune Supergiant,field,,BA Stokes
1082630,2017,2017-05-02,Delhi Daredevils,Sunrisers Hyderabad,Delhi Daredevils,Feroz Shah Kotla,Delhi,Delhi Daredevils,field,,Mohammed Shami
1082631,2017,2017-05-03,Kolkata Knight Riders,Rising Pune Supergiant,Rising Pune Supergiant,Eden Gardens,Kolkata,Rising Pune Supergiant,field,,RA Tripathi
1082632,2017,2017-05-04,Delhi Daredevils,Gujarat Lions,Delhi Daredevils,Feroz Shah Kotla,Delhi,Delhi Daredevils,field,,RR Pant
1082633,2017,2017-05-05,Royal Challengers Bangalore,Kings XI Punjab,Kings XI Punjab,M Chinnaswamy Stadium,Bangalore,Royal Challengers Bangalore,field,,Sandeep Sharma
1082634,2017,2017-05-06,Sunrisers Hyderabad,Rising Pune Supergiant,Rising Pune Supergiant,"Rajiv Gandhi International Stadium, Uppal",Hyderabad,Sunrisers Hyderabad,field,,JD Unadkat
1082635,2017,2017-05-06,Delhi Daredevils,Mumbai Indians,Mumbai Indians,Feroz Shah Kotla,Delhi,Delhi Daredevils,field,,LMP Simmons
1082636,2017,2017-05-07,Royal Challengers Bangalore,Kolkata Knight Riders,Kolkata Knight Riders,M Chinnaswamy Stadium,Bangalore,Kolkata Knight Riders,field,,SP Narine
1082637,2017,2017-05-07,Kings XI Punjab,Gujarat Lions,Gujarat Lions,"Punjab Cricket Association IS Bindra Stadium, Mohali",Chandigarh,Gujarat Lions,field,,DR Smith
1082638,2017,2017-05-08,Sunrisers Hyderabad,Mumbai Indians,Sunrisers Hyderabad,"Rajiv Gandhi International Stadium, Uppal",Hyderabad,Mumbai Indians,bat,,S Dhawan
1082639,2017,2017-05-09,Kings XI Punjab,Kolkata Knight Riders,Kings XI Punjab,"Punjab Cricket Association IS Bindra Stadium, Mohali",Chandigarh,Kolkata Knight Riders,field,,MM Sharma
1082640,2017,2017-05-10,Gujarat Lions,Delhi Daredevils,Delhi Daredevils,Green Park,Kanpur,Delhi Daredevils,field,,SS Iyer
1082641,2017,2017-05-11,Mumbai Indians,Kings XI Punjab,Kings XI Punjab,Wankhede Stadium,Mumbai,Mumbai Indians,field,,WP Saha
1082642,2017,2017-05-12,Delhi Daredevils,Rising Pune Supergiant,Delhi Daredevils,Feroz Shah Kotla,Delhi,Delhi Daredevils,bat,,KK Nair
1082643,2017,2017-05-13,Gujarat Lions,Sunrisers Hyderabad,Sunrisers Hyderabad,Green Park,Kanpur,Sunrisers Hyderabad,field,,Mohammed Siraj
1082644,2017,2017-05-13,Kolkata Knight Riders,Mumbai Indians,Mumbai Indians,Eden Gardens,Kolkata,Kolkata Knight Riders,field,,AT Rayudu
1082645,2017,2017-05-14,Rising Pune Supergiant,Kings XI Punjab,Rising Pune Supergiant,Maharashtra Cricket Association Stadium,Pune,Rising Pune Supergiant,field,,JD Unadkat
1082646,2017,2017-05-14,Delhi Daredevils,Royal Challengers Bangalore,Royal Challengers Bangalore,Feroz Shah Kotla,Delhi,Royal Challengers Bangalore,bat,,HV Patel
1082647,2017,2017-05-16,Mumbai Indians,Rising Pune Supergiant,Rising Pune Supergiant,Wankhede Stadium,Mumbai,Mumbai Indians,field,,Washington Sundar
1082648,2017,2017-05-17,Sunrisers Hyderabad,Kolkata Knight Riders,Kolkata Knight Riders,M Chinnaswamy Stadium,Bangalore,Kolkata Knight Riders,field,,NM Coulter-Nile
1082649,2017,2017-05-19,Mumbai Indians,Kolkata Knight Riders,Mumbai Indians,M Chinnaswamy Stadium,Bangalore,Mumbai Indians,field,,KV Sharma
1082650,2017,2017-05-21,Mumbai Indians,Rising Pune Supergiant,Mumbai Indians,"Rajiv Gandhi International Stadium, Uppal",Hyderabad,Mumbai Indians,bat,,KH Pandya
1136561,2018,2018-04-07,Mumbai Indians,Chennai Super Kings,Chennai Super Kings,Wankhede Stadium,Mumbai,Chennai Super Kings,field,,DJ Bravo
1136562,2018,2018-04-08,Delhi Daredevils,Kings XI Punjab,Kings XI Punjab,Punjab Cricket Association IS Bindra Stadium,Chandigarh,Kings XI Punjab,field,,KL Rahul
1136563,2018,2018-04-08,Royal Challengers Bangalore,Kolkata Knight Riders,Kolkata Knight Riders,Eden Gardens,Kolkata,Kolkata Knight Riders,field,,SP Narine
1136564,2018,2018-04-09,Rajasthan Royals,Sunrisers Hyderabad,Sunrisers Hyderabad,Rajiv Gandhi International Stadium,Hyderabad,Sunrisers Hyderabad,field,,S Dhawan
1136565,2018,2018-04-10,Kolkata Knight Riders,Chennai Super Kings,Chennai Super Kings,MA Chidambaram Stadium,Chennai,Chennai Super Kings,field,,SW Billings
1136566,2018,2018-04-11,Rajasthan Royals,Delhi Daredevils,Rajasthan Royals,Sawai Mansingh Stadium,Jaipur,Delhi Daredevils,field,,SV Samson
1136567,2018,2018-04-12,Mumbai Indians,Sunrisers Hyderabad,Sunrisers Hyderabad,Rajiv Gandhi International Stadium,Hyderabad,Sunrisers Hyderabad,field,,Rashid Khan
1136568,2018,2018-04-13,Kings XI Punjab,Royal Challengers Bangalore,Royal Challengers Bangalore,M.Chinnaswamy Stadium,Bengaluru,Royal Challengers Bangalore,field,,UT Yadav
1136569,2018,2018-04-14,Mumbai Indians,Delhi Daredevils,Delhi Daredevils,Wankhede Stadium,Mumbai,Delhi Daredevils,field,,JJ Roy
1136570,2018,2018-04-14,Kolkata Knight Riders,Sunrisers Hyderabad,Sunrisers Hyderabad,Eden Gardens,Kolkata,Sunrisers Hyderabad,field,,B Stanlake
1136571,2018,2018-04-15,Rajasthan Royals,Royal Challengers Bangalore,Rajasthan Royals,M.Chinnaswamy Stadium,Bengaluru,Royal Challengers Bangalore,field,,SV Samson
1136572,2018,2018-04-15,Kings XI Punjab,Chennai Super Kings,Kings XI Punjab,Punjab Cricket Association IS Bindra Stadium,Chandigarh,Chennai Super Kings,field,,CH Gayle
1136573,2018,2018-04-16,Kolkata Knight Riders,Delhi Daredevils,Kolkata Knight Riders,Eden Gardens,Kolkata,Delhi Daredevils,field,,N Rana
1136574,2018,2018-04-17,Mumbai Indians,Royal Challengers Bangalore,Mumbai Indians,Wankhede Stadium,Mumbai,Royal Challengers Bangalore,field,,RG Sharma
1136575,2018,2018-04-18,Rajasthan Royals,Kolkata Knight Riders,Kolkata Knight Riders,Sawai Mansingh Stadium,Jaipur,Kolkata Knight Riders,field,,N Rana
1136576,2018,2018-04-19,Kings XI Punjab,Sunrisers Hyderabad,Kings XI Punjab,Punjab Cricket Association IS Bindra Stadium,Chandigarh,Kings XI Punjab,bat,,CH Gayle
1136577,2018,2018-04-20,Chennai Super Kings,Rajasthan Royals,Chennai Super Kings,Maharashtra Cricket Association Stadium,Pune,Rajasthan Royals,field,,SR Watson
1136578,2018,2018-04-21,Kolkata Knight Riders,Kings XI Punjab,Kings XI Punjab,Eden Gardens,Kolkata,Kings XI Punjab,field,,KL Rahul
1136579,2018,2018-04-21,Delhi Daredevils,Royal Challengers Bangalore,Royal Challengers Bangalore,M.Chinnaswamy Stadium,Bengaluru,Royal Challengers Bangalore,field,,AB de Villiers
1136580,2018,2018-04-22,Chennai Super Kings,Sunrisers Hyderabad,Chennai Super Kings,Rajiv Gandhi International Stadium,Hyderabad,Sunrisers Hyderabad,field,,AT Rayudu
1136581,2018,2018-04-22,Mumbai Indians,Rajasthan Royals,Rajasthan Royals,Sawai Mansingh Stadium,Jaipur,Mumbai Indians,bat,,JC Archer
1136582,2018,2018-04-23,Kings XI Punjab,Delhi Daredevils,Kings XI Punjab,Arun Jaitley Stadium,Delhi,Delhi Daredevils,field,,AS Rajpoot
1136583,2018,2018-04-24,Sunrisers Hyderabad,Mumbai Indians,Sunrisers Hyderabad,Wankhede Stadium,Mumbai,Mumbai Indians,field,,Rashid Khan
1136584,2018,2018-04-25,Royal Challengers Bangalore,Chennai Super Kings,Chennai Super Kings,M.Chinnaswamy Stadium,Bengaluru,Chennai Super Kings,field,,MS Dhoni
1136585,2018,2018-04-26,Sunrisers Hyderabad,Kings XI Punjab,Sunrisers Hyderabad,Rajiv Gandhi International Stadium,Hyderabad,Kings XI Punjab,field,,AS Rajpoot
1136586,2018,2018-04-27,Delhi Daredevils,Kolkata Knight Riders,Delhi Daredevils,Arun Jaitley Stadium,Delhi,Kolkata Knight Riders,field,,SS Iyer
1136587,2018,2018-04-28,Chennai Super Kings,Mumbai Indians,Mumbai Indians,Maharashtra Cricket Association Stadium,Pune,Mumbai Indians,field,,RG Sharma
1136588,2018,2018-04-29,Sunrisers Hyderabad,Rajasthan Royals,Sunrisers Hyderabad,Sawai Mansingh Stadium,Jaipur,Sunrisers Hyderabad,bat,,KS Williamson
1136589,2018,2018-04-29,Royal Challengers Bangalore,Kolkata Knight Riders,Kolkata Knight Riders,M.Chinnaswamy Stadium,Bengaluru,Kolkata Knight Riders,field,,CA Lynn
1136590,2018,2018-04-30,Chennai Super Kings,Delhi Daredevils,Chennai Super Kings,Maharashtra Cricket Association Stadium,Pune,Delhi Daredevils,field,,SR Watson
1136591,2018,2018-05-01,Royal Challengers Bangalore,Mumbai Indians,Royal Challengers Bangalore,M.Chinnaswamy Stadium,Bengaluru,Mumbai Indians,field,,TG Southee
1136592,2018,2018-05-02,Delhi Daredevils,Rajasthan Royals,Delhi Daredevils,Arun Jaitley Stadium,Delhi,Rajasthan Royals,field,,RR Pant
1136593,2018,2018-05-03,Chennai Super Kings,Kolkata Knight Riders,Kolkata Knight Riders,Eden Gardens,Kolkata,Kolkata Knight Riders,field,,SP Narine
1136594,2018,2018-05-04,Kings XI Punjab,Mumbai Indians,Mumbai Indians,Holkar Cricket Stadium,Indore,Mumbai Indians,field,,SA Yadav
1136595,2018,2018-05-05,Royal Challengers Bangalore,Chennai Super Kings,Chennai Super Kings,Maharashtra Cricket Association Stadium,Pune,Chennai Super Kings,field,,RA Jadeja
1136596,2018,2018-05-05,Delhi Daredevils,Sunrisers Hyderabad,Sunrisers Hyderabad,Rajiv Gandhi International Stadium,Hyderabad,Delhi Daredevils,bat,,Rashid Khan
1136597,2018,2018-05-06,Mumbai Indians,Kolkata Knight Riders,Mumbai Indians,Wankhede Stadium,Mumbai,Kolkata Knight Riders,field,,HH Pandya
1136598,2018,2018-05-06,Rajasthan Royals,Kings XI Punjab,Kings XI Punjab,Holkar Cricket Stadium,Indore,Kings XI Punjab,field,,Mujeeb Ur Rahman
1136599,2018,2018-05-07,Sunrisers Hyderabad,Royal Challengers Bangalore,Sunrisers Hyderabad,Rajiv Gandhi International Stadium,Hyderabad,Royal Challengers Bangalore,field,,KS Williamson
1136600,2018,2018-05-08,Rajasthan Royals,Kings XI Punjab,Rajasthan Royals,Sawai Mansingh Stadium,Jaipur,Rajasthan Royals,bat,,JC Buttler
1136601,2018,2018-05-09,Mumbai Indians,Kolkata Knight Riders,Mumbai Indians,Eden Gardens,Kolkata,Kolkata Knight Riders,field,,Ishan Kishan
1136602,2018,2018-05-10,Delhi Daredevils,Sunrisers Hyderabad,Sunrisers Hyderabad,Arun Jaitley Stadium,Delhi,Delhi Daredevils,bat,,S Dhawan
1136603,2018,2018-05-11,Chennai Super Kings,Rajasthan Royals,Rajasthan Royals,Sawai Mansingh Stadium,Jaipur,Chennai Super Kings,bat,,JC Buttler
1136604,2018,2018-05-12,Kolkata Knight Riders,Kings XI Punjab,Kolkata Knight Riders,Holkar Cricket Stadium,Indore,Kings XI Punjab,field,,SP Narine
1136605,2018,2018-05-12,Delhi Daredevils,Royal Challengers Bangalore,Royal Challengers Bangalore,Arun Jaitley Stadium,Delhi,Royal Challengers Bangalore,field,,AB de Villiers
1136606,2018,2018-05-13,Sunrisers Hyderabad,Chennai Super Kings,Chennai Super Kings,Maharashtra Cricket Association Stadium,Pune,Chennai Super Kings,field,,AT Rayudu
1136607,2018,2018-05-13,Mumbai Indians,Rajasthan Royals,Rajasthan Royals,Wankhede Stadium,Mumbai,Rajasthan Royals,field,,JC Buttler
1136608,2018,2018-05-14,Kings XI Punjab,Royal Challengers Bangalore,Royal Challengers Bangalore,Holkar Cricket Stadium,Indore,Royal Challengers Bangalore,field,,UT Yadav
1136609,2018,2018-05-15,Rajasthan Royals,Kolkata Knight Riders,Kolkata Knight Riders,Eden Gardens,Kolkata,Kolkata Knight Riders,field,,Kuldeep Yadav
1136610,2018,2018-05-16,Mumbai Indians,Kings XI Punjab,Mumbai Indians,Wankhede Stadium,Mumbai,Kings XI Punjab,field,,JJ Bumrah
1136611,2018,2018-05-17,Royal Challengers Bangalore,Sunrisers Hyderabad,Royal Challengers Bangalore,M.Chinnaswamy Stadium,Bengaluru,Sunrisers Hyderabad,field,,AB de Villiers
1136612,2018,2018-05-18,Delhi Daredevils,Chennai Super Kings,Delhi Daredevils,Arun Jaitley Stadium,Delhi,Chennai Super Kings,field,,HV Patel
1136613,2018,2018-05-19,Rajasthan Royals,Royal Challengers Bangalore,Rajasthan Royals,Sawai Mansingh Stadium,Jaipur,Rajasthan Royals,bat,,S Gopal
1136614,2018,2018-05-19,Sunrisers Hyderabad,Kolkata Knight Riders,Kolkata Knight Riders,Rajiv Gandhi International Stadium,Hyderabad,Sunrisers Hyderabad,bat,,CA Lynn
1136615,2018,2018-05-20,Delhi Daredevils,Mumbai Indians,Delhi Daredevils,Arun Jaitley Stadium,Delhi,Delhi Daredevils,bat,,A Mishra
1136616,2018,2018-05-20,Kings XI Punjab,Chennai Super Kings,Chennai Super Kings,Maharashtra Cricket Association Stadium,Pune,Chennai Super Kings,field,,L Ngidi
1136617,2018,2018-05-22,Sunrisers Hyderabad,Chennai Super Kings,Chennai Super Kings,Wankhede Stadium,Mumbai,Chennai Super Kings,field,,F du Plessis
1136618,2018,2018-05-23,Kolkata Knight Riders,Rajasthan Royals,Kolkata Knight Riders,Eden Gardens,Kolkata,Rajasthan Royals,field,,AD Russell
1136619,2018,2018-05-25,Sunrisers Hyderabad,Kolkata Knight Riders,Sunrisers Hyderabad,Eden Gardens,Kolkata,Kolkata Knight Riders,field,,Rashid Khan
1136620,2018,2018-05-27,Sunrisers Hyderabad,Chennai Super Kings,Chennai Super Kings,Wankhede Stadium,Mumbai,Chennai Super Kings,field,,SR Watson
1175356,2019,2019-03-23,Royal Challengers Bangalore,Chennai Super Kings,Chennai Super Kings,MA Chidambaram Stadium,Chennai,Chennai Super Kings,field,,Harbhajan Singh
1175357,2019,2019-03-24,Sunrisers Hyderabad,Kolkata Knight Riders,Kolkata Knight Riders,Eden Gardens,Kolkata,Kolkata Knight Riders,field,,AD Russell
1175358,2019,2019-03-24,Delhi Capitals,Mumbai Indians,Delhi Capitals,Wankhede Stadium,Mumbai,Mumbai Indians,field,,RR Pant
1175359,2019,2019-03-25,Kings XI Punjab,Rajasthan Royals,Kings XI Punjab,Sawai Mansingh Stadium,Jaipur,Rajasthan Royals,field,,CH Gayle
1175360,2019,2019-03-26,Delhi Capitals,Chennai Super Kings,Chennai Super Kings,Arun Jaitley Stadium,Delhi,Delhi Capitals,bat,,SR Watson
1175361,2019,2019-03-27,Kolkata Knight Riders,Kings XI Punjab,Kolkata Knight Riders,Eden Gardens,Kolkata,Kings XI Punjab,field,,AD Russell
1175362,2019,2019-03-28,Mumbai Indians,Royal Challengers Bangalore,Mumbai Indians,M.Chinnaswamy Stadium,Bengaluru,Royal Challengers Bangalore,field,,JJ Bumrah
1175363,2019,2019-03-29,Rajasthan Royals,Sunrisers Hyderabad,Sunrisers Hyderabad,Rajiv Gandhi International Stadium,Hyderabad,Rajasthan Royals,bat,,Rashid Khan
1175364,2019,2019-03-30,Mumbai Indians,Kings XI Punjab,Kings XI Punjab,Punjab Cricket Association IS Bindra Stadium,Chandigarh,Kings XI Punjab,field,,MA Agarwal
1175365,2019,2019-03-30,Kolkata Knight Riders,Delhi Capitals,,Arun Jaitley Stadium,Delhi,Delhi Capitals,field,tie,PP Shaw
1175366,2019,2019-03-31,Sunrisers Hyderabad,Royal Challengers Bangalore,Sunrisers Hyderabad,Rajiv Gandhi International Stadium,Hyderabad,Royal Challengers Bangalore,field,,JM Bairstow
1175367,2019,2019-03-31,Chennai Super Kings,Rajasthan Royals,Chennai Super Kings,MA Chidambaram Stadium,Chennai,Rajasthan Royals,field,,MS Dhoni
1175368,2019,2019-04-01,Kings XI Punjab,Delhi Capitals,Kings XI Punjab,Punjab Cricket Association IS Bindra Stadium,Chandigarh,Delhi Capitals,field,,SM Curran
1175369,2019,2019-04-02,Royal Challengers Bangalore,Rajasthan Royals,Rajasthan Royals,Sawai Mansingh Stadium,Jaipur,Rajasthan Royals,field,,S Gopal
1175370,2019,2019-04-03,Mumbai Indians,Chennai Super Kings,Mumbai Indians,Wankhede Stadium,Mumbai,Chennai Super Kings,field,,HH Pandya
1175371,2019,2019-04-04,Delhi Capitals,Sunrisers Hyderabad,Sunrisers Hyderabad,Arun Jaitley Stadium,Delhi,Sunrisers Hyderabad,field,,JM Bairstow
1175372,2019,2019-04-05,Royal Challengers Bangalore,Kolkata Knight Riders,Kolkata Knight Riders,M.Chinnaswamy Stadium,Bengaluru,Kolkata Knight Riders,field,,AD Russell
1178393,2019,2019-04-06,Chennai Super Kings,Kings XI Punjab,Chennai Super Kings,MA Chidambaram Stadium,Chennai,Chennai Super Kings,bat,,Harbhajan Singh
1178394,2019,2019-04-06,Mumbai Indians,Sunrisers Hyderabad,Mumbai Indians,Rajiv Gandhi International Stadium,Hyderabad,Sunrisers Hyderabad,field,,AS Joseph
1178395,2019,2019-04-07,Royal Challengers Bangalore,Delhi Capitals,Delhi Capitals,M.Chinnaswamy Stadium,Bengaluru,Delhi Capitals,field,,K Rabada
1178396,2019,2019-04-07,Rajasthan Royals,Kolkata Knight Riders,Kolkata Knight Riders,Sawai Mansingh Stadium,Jaipur,Kolkata Knight Riders,field,,HF Gurney
1178397,2019,2019-04-08,Sunrisers Hyderabad,Kings XI Punjab,Kings XI Punjab,Punjab Cricket Association IS Bindra Stadium,Chandigarh,Kings XI Punjab,field,,KL Rahul
1178398,2019,2019-04-09,Kolkata Knight Riders,Chennai Super Kings,Chennai Super Kings,MA Chidambaram Stadium,Chennai,Chennai Super Kings,field,,DL Chahar
1178399,2019,2019-04-10,Kings XI Punjab,Mumbai Indians,Mumbai Indians,Wankhede Stadium,Mumbai,Mumbai Indians,field,,KA Pollard
1178400,2019,2019-04-11,Rajasthan Royals,Chennai Super Kings,Chennai Super Kings,Sawai Mansingh Stadium,Jaipur,Chennai Super Kings,field,,MS Dhoni
1178401,2019,2019-04-12,Kolkata Knight Riders,Delhi Capitals,Delhi Capitals,Eden Gardens,Kolkata,Delhi Capitals,field,,S Dhawan
1178402,2019,2019-04-13,Mumbai Indians,Rajasthan Royals,Rajasthan Royals,Wankhede Stadium,Mumbai,Rajasthan Royals,field,,JC Buttler
1178403,2019,2019-04-13,Kings XI Punjab,Royal Challengers Bangalore,Royal Challengers Bangalore,Punjab Cricket Association IS Bindra Stadium,Chandigarh,Royal Challengers Bangalore,field,,AB de Villiers
1178404,2019,2019-04-14,Kolkata Knight Riders,Chennai Super Kings,Chennai Super Kings,Eden Gardens,Kolkata,Chennai Super Kings,field,,Imran Tahir
1178405,2019,2019-04-14,Delhi Capitals,Sunrisers Hyderabad,Delhi Capitals,Rajiv Gandhi International Stadium,Hyderabad,Sunrisers Hyderabad,field,,KMA Paul
1178406,2019,2019-04-15,Royal Challengers Bangalore,Mumbai Indians,Mumbai Indians,Wankhede Stadium,Mumbai,Mumbai Indians,field,,SL Malinga
1178407,2019,2019-04-16,Kings XI Punjab,Rajasthan Royals,Kings XI Punjab,Punjab Cricket Association IS Bindra Stadium,Chandigarh,Rajasthan Royals,field,,R Ashwin
1178408,2019,2019-04-17,Chennai Super Kings,Sunrisers Hyderabad,Sunrisers Hyderabad,Rajiv Gandhi International Stadium,Hyderabad,Chennai Super Kings,bat,,DA Warner
1178409,2019,2019-04-18,Mumbai Indians,Delhi Capitals,Mumbai Indians,Arun Jaitley Stadium,Delhi,Mumbai Indians,bat,,HH Pandya
1178410,2019,2019-04-19,Royal Challengers Bangalore,Kolkata Knight Riders,Royal Challengers Bangalore,Eden Gardens,Kolkata,Kolkata Knight Riders,field,,V Kohli
1178411,2019,2019-04-20,Mumbai Indians,Rajasthan Royals,Rajasthan Royals,Sawai Mansingh Stadium,Jaipur,Rajasthan Royals,field,,SPD Smith
1178412,2019,2019-04-20,Kings XI Punjab,Delhi Capitals,Delhi Capitals,Arun Jaitley Stadium,Delhi,Delhi Capitals,field,,SS Iyer
1178413,2019,2019-04-21,Kolkata Knight Riders,Sunrisers Hyderabad,Sunrisers Hyderabad,Rajiv Gandhi International Stadium,Hyderabad,Sunrisers Hyderabad,field,,KK Ahmed
1178414,2019,2019-04-21,Royal Challengers Bangalore,Chennai Super Kings,Royal Challengers Bangalore,M.Chinnaswamy Stadium,Bengaluru,Chennai Super Kings,field,,PA Patel
1178415,2019,2019-04-22,Rajasthan Royals,Delhi Capitals,Delhi Capitals,Sawai Mansingh Stadium,Jaipur,Delhi Capitals,field,,RR Pant
1178416,2019,2019-04-23,Sunrisers Hyderabad,Chennai Super Kings,Chennai Super Kings,MA Chidambaram Stadium,Chennai,Chennai Super Kings,field,,SR Watson
1178417,2019,2019-04-24,Royal Challengers Bangalore,Kings XI Punjab,Royal Challengers Bangalore,M.Chinnaswamy Stadium,Bengaluru,Kings XI Punjab,field,,AB de Villiers
1178418,2019,2019-04-25,Kolkata Knight Riders,Rajasthan Royals,Rajasthan Royals,Eden Gardens,Kolkata,Rajasthan Royals,field,,VR Aaron
1178419,2019,2019-04-26,Mumbai Indians,Chennai Super Kings,Mumbai Indians,MA Chidambaram Stadium,Chennai,Chennai Super Kings,field,,RG Sharma
1178420,2019,2019-04-27,Sunrisers Hyderabad,Rajasthan Royals,Rajasthan Royals,Sawai Mansingh Stadium,Jaipur,Rajasthan Royals,field,,JD Unadkat
1178421,2019,2019-04-28,Delhi Capitals,Royal Challengers Bangalore,Delhi Capitals,Arun Jaitley Stadium,Delhi,Delhi Capitals,bat,,S Dhawan
1178422,2019,2019-04-28,Kolkata Knight Riders,Mumbai Indians,Kolkata Knight Riders,Eden Gardens,Kolkata,Mumbai Indians,field,,AD Russell
1178423,2019,2019-04-29,Sunrisers Hyderabad,Kings XI Punjab,Sunrisers Hyderabad,Rajiv Gandhi International Stadium,Hyderabad,Kings XI Punjab,field,,DA Warner
1178424,2019,2019-04-30,Royal Challengers Bangalore,Rajasthan Royals,,M.Chinnaswamy Stadium,Bengaluru,Rajasthan Royals,field,no result,
1178425,2019,2019-05-01,Chennai Super Kings,Delhi Capitals,Chennai Super Kings,MA Chidambaram Stadium,Chennai,Delhi Capitals,field,,MS Dhoni
1178426,2019,2019-05-02,Mumbai Indians,Sunrisers Hyderabad,,Wankhede Stadium,Mumbai,Mumbai Indians,bat,tie,JJ Bumrah
1178427,2019,2019-05-03,Kings XI Punjab,Kolkata Knight Riders,Kolkata Knight Riders,Punjab Cricket Association IS Bindra Stadium,Chandigarh,Kolkata Knight Riders,field,,Shubman Gill
1178428,2019,2019-05-04,Rajasthan Royals,Delhi Capitals,Delhi Capitals,Arun Jaitley Stadium,Delhi,Rajasthan Royals,bat,,A Mishra
1178429,2019,2019-05-04,Sunrisers Hyderabad,Royal Challengers Bangalore,Royal Challengers Bangalore,M.Chinnaswamy Stadium,Bengaluru,Royal Challengers Bangalore,field,,SO Hetmyer
1178430,2019,2019-05-05,Chennai Super Kings,Kings XI Punjab,Kings XI Punjab,Punjab Cricket Association IS Bindra Stadium,Chandigarh,Kings XI Punjab,field,,KL Rahul
1178431,2019,2019-05-05,Kolkata Knight Riders,Mumbai Indians,Mumbai Indians,Wankhede Stadium,Mumbai,Mumbai Indians,field,,HH Pandya
1181764,2019,2019-05-07,Chennai Super Kings,Mumbai Indians,Mumbai Indians,MA Chidambaram Stadium,Chennai,Chennai Super Kings,bat,,SA Yadav
1181766,2019,2019-05-08,Sunrisers Hyderabad,Delhi Capitals,Delhi Capitals,Dr. Y.S. Rajasekhara Reddy ACA-VDCA Cricket Stadium,Visakhapatnam,Delhi Capitals,field,,RR Pant
1181767,2019,2019-05-10,Delhi Capitals,Chennai Super Kings,Chennai Super Kings,Dr. Y.S. Rajasekhara Reddy ACA-VDCA Cricket Stadium,Visakhapatnam,Chennai Super Kings,field,,F du Plessis
1181768,2019,2019-05-12,Mumbai Indians,Chennai Super Kings,Mumbai Indians,Rajiv Gandhi International Stadium,Hyderabad,Mumbai Indians,bat,,JJ Bumrah
1216492,2020/21,2020-09-19,Mumbai Indians,Chennai Super Kings,Chennai Super Kings,Sheikh Zayed Stadium,Abu Dhabi,Chennai Super Kings,field,,AT Rayudu
1216493,2020/21,2020-09-20,Delhi Capitals,Kings XI Punjab,,Dubai International Cricket Stadium,,Kings XI Punjab,field,tie,MP Stoinis
1216494,2020/21,2020-10-21,Kolkata Knight Riders,Royal Challengers Bangalore,Royal Challengers Bangalore,Sheikh Zayed Stadium,Abu Dhabi,Kolkata Knight Riders,bat,,Mohammed Siraj
1216495,2020/21,2020-11-03,Mumbai Indians,Sunrisers Hyderabad,Sunrisers Hyderabad,Sharjah Cricket Stadium,,Sunrisers Hyderabad,field,,S Nadeem
1216496,2020/21,2020-09-22,Rajasthan Royals,Chennai Super Kings,Rajasthan Royals,Sharjah Cricket Stadium,,Chennai Super Kings,field,,SV Samson
1216497,2020/21,2020-10-24,Kolkata Knight Riders,Delhi Capitals,Kolkata Knight Riders,Sheikh Zayed Stadium,Abu Dhabi,Delhi Capitals,field,,CV Varun
1216498,2020/21,2020-10-24,Kings XI Punjab,Sunrisers Hyderabad,Kings XI Punjab,Dubai International Cricket Stadium,,Sunrisers Hyderabad,field,,CJ Jordan
1216499,2020/21,2020-10-28,Royal Challengers Bangalore,Mumbai Indians,Mumbai Indians,Sheikh Zayed Stadium,Abu Dhabi,Mumbai Indians,field,,SA Yadav
1216500,2020/21,2020-10-09,Delhi Capitals,Rajasthan Royals,Delhi Capitals,Sharjah Cricket Stadium,,Rajasthan Royals,field,,R Ashwin
1216501,2020/21,2020-10-07,Kolkata Knight Riders,Chennai Super Kings,Kolkata Knight Riders,Sheikh Zayed Stadium,Abu Dhabi,Kolkata Knight Riders,bat,,RA Tripathi
1216502,2020/21,2020-10-31,Royal Challengers Bangalore,Sunrisers Hyderabad,Sunrisers Hyderabad,Sharjah Cricket Stadium,,Sunrisers Hyderabad,field,,Sandeep Sharma
1216503,2020/21,2020-10-01,Mumbai Indians,Kings XI Punjab,Mumbai Indians,Sheikh Zayed Stadium,Abu Dhabi,Kings XI Punjab,field,,KA Pollard
1216504,2020/21,2020-09-30,Kolkata Knight Riders,Rajasthan Royals,Kolkata Knight Riders,Dubai International Cricket Stadium,,Rajasthan Royals,field,,Shivam Mavi
1216505,2020/21,2020-11-02,Royal Challengers Bangalore,Delhi Capitals,Delhi Capitals,Sheikh Zayed Stadium,Abu Dhabi,Delhi Capitals,field,,A Nortje
1216506,2020/21,2020-11-01,Kings XI Punjab,Chennai Super Kings,Chennai Super Kings,Sheikh Zayed Stadium,Abu Dhabi,Chennai Super Kings,field,,RD Gaikwad
1216507,2020/21,2020-10-11,Sunrisers Hyderabad,Rajasthan Royals,Rajasthan Royals,Dubai International Cricket Stadium,,Sunrisers Hyderabad,bat,,R Tewatia
1216508,2020/21,2020-09-23,Mumbai Indians,Kolkata Knight Riders,Mumbai Indians,Sheikh Zayed Stadium,Abu Dhabi,Kolkata Knight Riders,field,,RG Sharma
1216509,2020/21,2020-10-17,Chennai Super Kings,Delhi Capitals,Delhi Capitals,Sharjah Cricket Stadium,,Chennai Super Kings,bat,,S Dhawan
1216510,2020/21,2020-09-24,Kings XI Punjab,Royal Challengers Bangalore,Kings XI Punjab,Dubai International Cricket Stadium,,Royal Challengers Bangalore,field,,KL Rahul
1216511,2020/21,2020-10-06,Mumbai Indians,Rajasthan Royals,Mumbai Indians,Sheikh Zayed Stadium,Abu Dhabi,Mumbai Indians,bat,,SA Yadav
1216512,2020/21,2020-10-18,Kolkata Knight Riders,Sunrisers Hyderabad,,Sheikh Zayed Stadium,Abu Dhabi,Sunrisers Hyderabad,field,tie,LH Ferguson
1216513,2020/21,2020-10-04,Kings XI Punjab,Chennai Super Kings,Chennai Super Kings,Dubai International Cricket Stadium,,Kings XI Punjab,bat,,SR Watson
1216514,2020/21,2020-10-03,Rajasthan Royals,Royal Challengers Bangalore,Royal Challengers Bangalore,Sheikh Zayed Stadium,Abu Dhabi,Rajasthan Royals,bat,,YS Chahal
1216515,2020/21,2020-10-03,Delhi Capitals,Kolkata Knight Riders,Delhi Capitals,Sharjah Cricket Stadium,,Kolkata Knight Riders,field,,SS Iyer
1216516,2020/21,2020-10-02,Sunrisers Hyderabad,Chennai Super Kings,Sunrisers Hyderabad,Dubai International Cricket Stadium,,Sunrisers Hyderabad,bat,,PK Garg
1216517,2020/21,2020-10-18,Mumbai Indians,Kings XI Punjab,,Dubai International Cricket Stadium,,Mumbai Indians,bat,tie,KL Rahul
1216518,2020/21,2020-10-22,Rajasthan Royals,Sunrisers Hyderabad,Sunrisers Hyderabad,Dubai International Cricket Stadium,,Sunrisers Hyderabad,field,,MK Pandey
1216519,2020/21,2020-10-05,Delhi Capitals,Royal Challengers Bangalore,Delhi Capitals,Dubai International Cricket Stadium,,Royal Challengers Bangalore,field,,AR Patel
1216520,2020/21,2020-10-26,Kolkata Knight Riders,Kings XI Punjab,Kings XI Punjab,Sharjah Cricket Stadium,,Kings XI Punjab,field,,CH Gayle
1216521,2020/21,2020-10-23,Chennai Super Kings,Mumbai Indians,Mumbai Indians,Sharjah Cricket Stadium,,Mumbai Indians,field,,TA Boult
1216522,2020/21,2020-10-17,Rajasthan Royals,Royal Challengers Bangalore,Royal Challengers Bangalore,Dubai International Cricket Stadium,,Rajasthan Royals,bat,,AB de Villiers
1216523,2020/21,2020-10-10,Kolkata Knight Riders,Kings XI Punjab,Kolkata Knight Riders,Sheikh Zayed Stadium,Abu Dhabi,Kolkata Knight Riders,bat,,KD Karthik
1216524,2020/21,2020-10-27,Sunrisers Hyderabad,Delhi Capitals,Sunrisers Hyderabad,Dubai International Cricket Stadium,,Delhi Capitals,field,,WP Saha
1216525,2020/21,2020-10-10,Royal Challengers Bangalore,Chennai Super Kings,Royal Challengers Bangalore,Dubai International Cricket Stadium,,Royal Challengers Bangalore,bat,,V Kohli
1216526,2020/21,2020-10-16,Kolkata Knight Riders,Mumbai Indians,Mumbai Indians,Sheikh Zayed Stadium,Abu Dhabi,Kolkata Knight Riders,bat,,Q de Kock
1216527,2020/21,2020-09-27,Kings XI Punjab,Rajasthan Royals,Rajasthan Royals,Sharjah Cricket Stadium,,Rajasthan Royals,field,,SV Samson
1216528,2020/21,2020-10-13,Chennai Super Kings,Sunrisers Hyderabad,Chennai Super Kings,Dubai International Cricket Stadium,,Chennai Super Kings,bat,,RA Jadeja
1216529,2020/21,2020-10-11,Delhi Capitals,Mumbai Indians,Mumbai Indians,Sheikh Zayed Stadium,Abu Dhabi,Delhi Capitals,bat,,Q de Kock
1216530,2020/21,2020-11-01,Kolkata Knight Riders,Rajasthan Royals,Kolkata Knight Riders,Dubai International Cricket Stadium,,Rajasthan Royals,field,,PJ Cummins
1216531,2020/21,2020-10-15,Royal Challengers Bangalore,Kings XI Punjab,Kings XI Punjab,Sharjah Cricket Stadium,,Royal Challengers Bangalore,bat,,KL Rahul
1216532,2020/21,2020-09-29,Sunrisers Hyderabad,Delhi Capitals,Sunrisers Hyderabad,Sheikh Zayed Stadium,Abu Dhabi,Delhi Capitals,field,,Rashid Khan
1216533,2020/21,2020-10-19,Chennai Super Kings,Rajasthan Royals,Rajasthan Royals,Sheikh Zayed Stadium,Abu Dhabi,Chennai Super Kings,bat,,JC Buttler
1216534,2020/21,2020-09-21,Royal Challengers Bangalore,Sunrisers Hyderabad,Royal Challengers Bangalore,Dubai International Cricket Stadium,,Sunrisers Hyderabad,field,,YS Chahal
1216535,2020/21,2020-10-31,Delhi Capitals,Mumbai Indians,Mumbai Indians,Dubai International Cricket Stadium,,Mumbai Indians,field,,Ishan Kishan
1216536,2020/21,2020-10-29,Kolkata Knight Riders,Chennai Super Kings,Chennai Super Kings,Dubai International Cricket Stadium,,Chennai Super Kings,field,,RD Gaikwad
1216537,2020/21,2020-10-30,Kings XI Punjab,Rajasthan Royals,Rajasthan Royals,Sheikh Zayed Stadium,Abu Dhabi,Rajasthan Royals,field,,BA Stokes
1216538,2020/21,2020-10-04,Mumbai Indians,Sunrisers Hyderabad,Mumbai Indians,Sharjah Cricket Stadium,,Mumbai Indians,bat,,TA Boult
1216539,2020/21,2020-09-25,Delhi Capitals,Chennai Super Kings,Delhi Capitals,Dubai International Cricket Stadium,,Chennai Super Kings,field,,PP Shaw
1216540,2020/21,2020-10-12,Royal Challengers Bangalore,Kolkata Knight Riders,Royal Challengers Bangalore,Sharjah Cricket Stadium,,Royal Challengers Bangalore,bat,,AB de Villiers
1216541,2020/21,2020-10-25,Mumbai Indians,Rajasthan Royals,Rajasthan Royals,Sheikh Zayed Stadium,Abu Dhabi,Mumbai Indians,bat,,BA Stokes
1216542,2020/21,2020-10-08,Sunrisers Hyderabad,Kings XI Punjab,Sunrisers Hyderabad,Dubai International Cricket Stadium,,Sunrisers Hyderabad,bat,,JM Bairstow
1216543,2020/21,2020-10-14,Delhi Capitals,Rajasthan Royals,Delhi Capitals,Dubai International Cricket Stadium,,Delhi Capitals,bat,,A Nortje
1216544,2020/21,2020-10-25,Royal Challengers Bangalore,Chennai Super Kings,Chennai Super Kings,Dubai International Cricket Stadium,,Royal Challengers Bangalore,bat,,RD Gaikwad
1216545,2020/21,2020-09-26,Sunrisers Hyderabad,Kolkata Knight Riders,Kolkata Knight Riders,Sheikh Zayed Stadium,Abu Dhabi,Sunrisers Hyderabad,bat,,Shubman Gill
1216546,2020/21,2020-10-20,Delhi Capitals,Kings XI Punjab,Kings XI Punjab,Dubai International Cricket Stadium,,Delhi Capitals,bat,,S Dhawan
1216547,2020/21,2020-09-28,Royal Challengers Bangalore,Mumbai Indians,,Dubai International Cricket Stadium,,Mumbai Indians,field,tie,AB de Villiers
1237177,2020/21,2020-11-05,Mumbai Indians,Delhi Capitals,Mumbai Indians,Dubai International Cricket Stadium,,Delhi Capitals,field,,JJ Bumrah
1237178,2020/21,2020-11-06,Royal Challengers Bangalore,Sunrisers Hyderabad,Sunrisers Hyderabad,Sheikh Zayed Stadium,Abu Dhabi,Sunrisers Hyderabad,field,,KS Williamson
1237180,2020/21,2020-11-08,Delhi Capitals,Sunrisers Hyderabad,Delhi Capitals,Sheikh Zayed Stadium,Abu Dhabi,Delhi Capitals,bat,,MP Stoinis
1237181,2020/21,2020-11-10,Delhi Capitals,Mumbai Indians,Mumbai Indians,Dubai International Cricket Stadium,,Delhi Capitals,bat,,TA Boult
1254058,2021,2021-04-09,Mumbai Indians,Royal Challengers Bangalore,Royal Challengers Bangalore,"MA Chidambaram Stadium, Chepauk, Chennai",Chennai,Royal Challengers Bangalore,field,,HV Patel
1254059,2021,2021-04-10,Chennai Super Kings,Delhi Capitals,Delhi Capitals,"Wankhede Stadium, Mumbai",Mumbai,Delhi Capitals,field,,S Dhawan
1254060,2021,2021-04-11,Kolkata Knight Riders,Sunrisers Hyderabad,Kolkata Knight Riders,"MA Chidambaram Stadium, Chepauk, Chennai",Chennai,Sunrisers Hyderabad,field,,N Rana
1254061,2021,2021-04-12,Punjab Kings,Rajasthan Royals,Punjab Kings,"Wankhede Stadium, Mumbai",Mumbai,Rajasthan Royals,field,,SV Samson
1254062,2021,2021-04-13,Mumbai Indians,Kolkata Knight Riders,Mumbai Indians,"MA Chidambaram Stadium, Chepauk, Chennai",Chennai,Kolkata Knight Riders,field,,RD Chahar
1254063,2021,2021-04-14,Royal Challengers Bangalore,Sunrisers Hyderabad,Royal Challengers Bangalore,"MA Chidambaram Stadium, Chepauk, Chennai",Chennai,Sunrisers Hyderabad,field,,GJ Maxwell
1254064,2021,2021-04-15,Delhi Capitals,Rajasthan Royals,Rajasthan Royals,"Wankhede Stadium, Mumbai",Mumbai,Rajasthan Royals,field,,JD Unadkat
1254065,2021,2021-04-16,Punjab Kings,Chennai Super Kings,Chennai Super Kings,"Wankhede Stadium, Mumbai",Mumbai,Chennai Super Kings,field,,DL Chahar
1254066,2021,2021-04-17,Mumbai Indians,Sunrisers Hyderabad,Mumbai Indians,"MA Chidambaram Stadium, Chepauk, Chennai",Chennai,Mumbai Indians,bat,,KA Pollard
1254067,2021,2021-04-18,Royal Challengers Bangalore,Kolkata Knight Riders,Royal Challengers Bangalore,"MA Chidambaram Stadium, Chepauk, Chennai",Chennai,Royal Challengers Bangalore,bat,,AB de Villiers
1254068,2021,2021-04-18,Punjab Kings,Delhi Capitals,Delhi Capitals,"Wankhede Stadium, Mumbai",Mumbai,Delhi Capitals,field,,S Dhawan
1254069,2021,2021-04-19,Chennai Super Kings,Rajasthan Royals,Chennai Super Kings,"Wankhede Stadium, Mumbai",Mumbai,Rajasthan Royals,field,,MM Ali
1254070,2021,2021-04-20,Mumbai Indians,Delhi Capitals,Delhi Capitals,"MA Chidambaram Stadium, Chepauk, Chennai",Chennai,Mumbai Indians,bat,,A Mishra
1254071,2021,2021-04-21,Punjab Kings,Sunrisers Hyderabad,Sunrisers Hyderabad,"MA Chidambaram Stadium, Chepauk, Chennai",Chennai,Punjab Kings,bat,,JM Bairstow
1254072,2021,2021-04-21,Chennai Super Kings,Kolkata Knight Riders,Chennai Super Kings,"Wankhede Stadium, Mumbai",Mumbai,Kolkata Knight Riders,field,,F du Plessis
1254073,2021,2021-04-22,Rajasthan Royals,Royal Challengers Bangalore,Royal Challengers Bangalore,"Wankhede Stadium, Mumbai",Mumbai,Royal Challengers Bangalore,field,,D Padikkal
1254074,2021,2021-04-23,Mumbai Indians,Punjab Kings,Punjab Kings,"MA Chidambaram Stadium, Chepauk, Chennai",Chennai,Punjab Kings,field,,KL Rahul
1254075,2021,2021-04-24,Kolkata Knight Riders,Rajasthan Royals,Rajasthan Royals,"Wankhede Stadium, Mumbai",Mumbai,Rajasthan Royals,field,,CH Morris
1254076,2021,2021-04-25,Chennai Super Kings,Royal Challengers Bangalore,Chennai Super Kings,"Wankhede Stadium, Mumbai",Mumbai,Chennai Super Kings,bat,,RA Jadeja
1254077,2021,2021-04-25,Delhi Capitals,Sunrisers Hyderabad,,"MA Chidambaram Stadium, Chepauk, Chennai",Chennai,Delhi Capitals,bat,tie,PP Shaw
1254078,2021,2021-04-26,Punjab Kings,Kolkata Knight Riders,Kolkata Knight Riders,"Narendra Modi Stadium, Ahmedabad",Ahmedabad,Kolkata Knight Riders,field,,EJG Morgan
1254079,2021,2021-04-27,Royal Challengers Bangalore,Delhi Capitals,Royal Challengers Bangalore,"Narendra Modi Stadium, Ahmedabad",Ahmedabad,Delhi Capitals,field,,AB de Villiers
1254080,2021,2021-04-28,Sunrisers Hyderabad,Chennai Super Kings,Chennai Super Kings,"Arun Jaitley Stadium, Delhi",Delhi,Sunrisers Hyderabad,bat,,RD Gaikwad
1254081,2021,2021-04-29,Rajasthan Royals,Mumbai Indians,Mumbai Indians,"Arun Jaitley Stadium, Delhi",Delhi,Mumbai Indians,field,,Q de Kock
1254082,2021,2021-04-29,Kolkata Knight Riders,Delhi Capitals,Delhi Capitals,"Narendra Modi Stadium, Ahmedabad",Ahmedabad,Delhi Capitals,field,,PP Shaw
1254083,2021,2021-04-30,Punjab Kings,Royal Challengers Bangalore,Punjab Kings,"Narendra Modi Stadium, Ahmedabad",Ahmedabad,Royal Challengers Bangalore,field,,Harpreet Brar
1254084,2021,2021-05-01,Chennai Super Kings,Mumbai Indians,Mumbai Indians,"Arun Jaitley Stadium, Delhi",Delhi,Mumbai Indians,field,,KA Pollard
1254085,2021,2021-05-02,Rajasthan Royals,Sunrisers Hyderabad,Rajasthan Royals,"Arun Jaitley Stadium, Delhi",Delhi,Sunrisers Hyderabad,field,,JC Buttler
1254086,2021,2021-05-02,Punjab Kings,Delhi Capitals,Delhi Capitals,"Narendra Modi Stadium, Ahmedabad",Ahmedabad,Delhi Capitals,field,,MA Agarwal
1254087,2021,2021-09-20,Royal Challengers Bangalore,Kolkata Knight Riders,Kolkata Knight Riders,"Zayed Cricket Stadium, Abu Dhabi",Abu Dhabi,Royal Challengers Bangalore,bat,,CV Varun
1254088,2021,2021-10-08,Mumbai Indians,Sunrisers Hyderabad,Mumbai Indians,"Zayed Cricket Stadium, Abu Dhabi",Abu Dhabi,Mumbai Indians,bat,,Ishan Kishan
1254089,2021,2021-10-02,Chennai Super Kings,Rajasthan Royals,Rajasthan Royals,"Zayed Cricket Stadium, Abu Dhabi",Abu Dhabi,Rajasthan Royals,field,,RD Gaikwad
1254090,2021,2021-10-03,Royal Challengers Bangalore,Punjab Kings,Royal Challengers Bangalore,Sharjah Cricket Stadium,Sharjah,Royal Challengers Bangalore,bat,,GJ Maxwell
1254091,2021,2021-09-30,Sunrisers Hyderabad,Chennai Super Kings,Chennai Super Kings,Sharjah Cricket Stadium,Sharjah,Chennai Super Kings,field,,JR Hazlewood
1254092,2021,2021-09-28,Delhi Capitals,Kolkata Knight Riders,Kolkata Knight Riders,Sharjah Cricket Stadium,Sharjah,Kolkata Knight Riders,field,,SP Narine
1254093,2021,2021-10-05,Rajasthan Royals,Mumbai Indians,Mumbai Indians,Sharjah Cricket Stadium,Sharjah,Mumbai Indians,field,,NM Coulter-Nile
1254094,2021,2021-10-07,Chennai Super Kings,Punjab Kings,Punjab Kings,Dubai International Cricket Stadium,Dubai,Punjab Kings,field,,KL Rahul
1254095,2021,2021-10-06,Sunrisers Hyderabad,Royal Challengers Bangalore,Sunrisers Hyderabad,"Zayed Cricket Stadium, Abu Dhabi",Abu Dhabi,Royal Challengers Bangalore,field,,KS Williamson
1254096,2021,2021-09-23,Mumbai Indians,Kolkata Knight Riders,Kolkata Knight Riders,"Zayed Cricket Stadium, Abu Dhabi",Abu Dhabi,Kolkata Knight Riders,field,,SP Narine
1254097,2021,2021-09-25,Delhi Capitals,Rajasthan Royals,Delhi Capitals,"Zayed Cricket Stadium, Abu Dhabi",Abu Dhabi,Rajasthan Royals,field,,SS Iyer
1254098,2021,2021-09-26,Kolkata Knight Riders,Chennai Super Kings,Chennai Super Kings,"Zayed Cricket Stadium, Abu Dhabi",Abu Dhabi,Kolkata Knight Riders,bat,,RA Jadeja
1254099,2021,2021-09-28,Punjab Kings,Mumbai Indians,Mumbai Indians,"Zayed Cricket Stadium, Abu Dhabi",Abu Dhabi,Mumbai Indians,field,,KA Pollard
1254100,2021,2021-09-27,Rajasthan Royals,Sunrisers Hyderabad,Sunrisers Hyderabad,Dubai International Cricket Stadium,Dubai,Rajasthan Royals,bat,,JJ Roy
1254101,2021,2021-10-08,Delhi Capitals,Royal Challengers Bangalore,Royal Challengers Bangalore,Dubai International Cricket Stadium,Dubai,Royal Challengers Bangalore,field,,KS Bharat
1254102,2021,2021-10-01,Kolkata Knight Riders,Punjab Kings,Punjab Kings,Dubai International Cricket Stadium,Dubai,Punjab Kings,field,,KL Rahul
1254103,2021,2021-09-29,Rajasthan Royals,Royal Challengers Bangalore,Royal Challengers Bangalore,Dubai International Cricket Stadium,Dubai,Royal Challengers Bangalore,field,,YS Chahal
1254104,2021,2021-09-19,Chennai Super Kings,Mumbai Indians,Chennai Super Kings,Dubai International Cricket Stadium,Dubai,Chennai Super Kings,bat,,RD Gaikwad
1254105,2021,2021-09-22,Sunrisers Hyderabad,Delhi Capitals,Delhi Capitals,Dubai International Cricket Stadium,Dubai,Sunrisers Hyderabad,bat,,A Nortje
1254106,2021,2021-10-07,Kolkata Knight Riders,Rajasthan Royals,Kolkata Knight Riders,Sharjah Cricket Stadium,Sharjah,Rajasthan Royals,field,,Shivam Mavi
1254107,2021,2021-09-25,Punjab Kings,Sunrisers Hyderabad,Punjab Kings,Sharjah Cricket Stadium,Sharjah,Sunrisers Hyderabad,field,,JO Holder
1254108,2021,2021-09-26,Royal Challengers Bangalore,Mumbai Indians,Royal Challengers Bangalore,Dubai International Cricket Stadium,Dubai,Mumbai Indians,field,,GJ Maxwell
1254109,2021,2021-10-03,Sunrisers Hyderabad,Kolkata Knight Riders,Kolkata Knight Riders,Dubai International Cricket Stadium,Dubai,Sunrisers Hyderabad,bat,,Shubman Gill
1254110,2021,2021-10-04,Chennai Super Kings,Delhi Capitals,Delhi Capitals,Dubai International Cricket Stadium,Dubai,Delhi Capitals,field,,AR Patel
1254111,2021,2021-09-21,Rajasthan Royals,Punjab Kings,Rajasthan Royals,Dubai International Cricket Stadium,Dubai,Punjab Kings,field,,Kartik Tyagi
1254112,2021,2021-10-02,Mumbai Indians,Delhi Capitals,Delhi Capitals,Sharjah Cricket Stadium,Sharjah,Delhi Capitals,field,,AR Patel
1254113,2021,2021-09-24,Royal Challengers Bangalore,Chennai Super Kings,Chennai Super Kings,Sharjah Cricket Stadium,Sharjah,Chennai Super Kings,field,,DJ Bravo
1254114,2021,2021-10-10,Delhi Capitals,Chennai Super Kings,Chennai Super Kings,Dubai International Cricket Stadium,Dubai,Chennai Super Kings,field,,RD Gaikwad
1254115,2021,2021-10-11,Royal Challengers Bangalore,Kolkata Knight Riders,Kolkata Knight Riders,Sharjah Cricket Stadium,Sharjah,Royal Challengers Bangalore,bat,,SP Narine
1254116,2021,2021-10-13,Delhi Capitals,Kolkata Knight Riders,Kolkata Knight Riders,Sharjah Cricket Stadium,Sharjah,Kolkata Knight Riders,field,,VR Iyer
1254117,2021,2021-10-15,Chennai Super Kings,Kolkata Knight Riders,Chennai Super Kings,Dubai International Cricket Stadium,Dubai,Kolkata Knight Riders,field,,F du Plessis
1304047,2022,2022-03-26,Chennai Super Kings,Kolkata Knight Riders,Kolkata Knight Riders,"Wankhede Stadium, Mumbai",Mumbai,Kolkata Knight Riders,field,,UT Yadav
1304048,2022,2022-03-27,Mumbai Indians,Delhi Capitals,Delhi Capitals,"Brabourne Stadium, Mumbai",Mumbai,Delhi Capitals,field,,Kuldeep Yadav
1304049,2022,2022-03-27,Royal Challengers Bangalore,Punjab Kings,Punjab Kings,"Dr DY Patil Sports Academy, Mumbai",Mumbai,Punjab Kings,field,,OF Smith
1304050,2022,2022-03-28,Lucknow Super Giants,Gujarat Titans,Gujarat Titans,"Wankhede Stadium, Mumbai",Mumbai,Gujarat Titans,field,,Mohammed Shami
1304051,2022,2022-03-29,Rajasthan Royals,Sunrisers Hyderabad,Rajasthan Royals,"Maharashtra Cricket Association Stadium, Pune",Pune,Sunrisers Hyderabad,field,,SV Samson
1304052,2022,2022-03-30,Kolkata Knight Riders,Royal Challengers Bangalore,Royal Challengers Bangalore,"Dr DY Patil Sports Academy, Mumbai",Mumbai,Royal Challengers Bangalore,field,,PWH de Silva
1304053,2022,2022-03-31,Chennai Super Kings,Lucknow Super Giants,Lucknow Super Giants,"Brabourne Stadium, Mumbai",Mumbai,Lucknow Super Giants,field,,E Lewis
1304054,2022,2022-04-01,Punjab Kings,Kolkata Knight Riders,Kolkata Knight Riders,"Wankhede Stadium, Mumbai",Mumbai,Kolkata Knight Riders,field,,UT Yadav
1304055,2022,2022-04-02,Rajasthan Royals,Mumbai Indians,Rajasthan Royals,"Dr DY Patil Sports Academy, Mumbai",Mumbai,Mumbai Indians,field,,JC Buttler
1304056,2022,2022-04-02,Gujarat Titans,Delhi Capitals,Gujarat Titans,"Maharashtra Cricket Association Stadium, Pune",Pune,Delhi Capitals,field,,LH Ferguson
1304057,2022,2022-04-03,Punjab Kings,Chennai Super Kings,Punjab Kings,"Brabourne Stadium, Mumbai",Mumbai,Chennai Super Kings,field,,LS Livingstone
1304058,2022,2022-04-04,Lucknow Super Giants,Sunrisers Hyderabad,Lucknow Super Giants,"Dr DY Patil Sports Academy, Mumbai",Mumbai,Sunrisers Hyderabad,field,,Avesh Khan
1304059,2022,2022-04-05,Rajasthan Royals,Royal Challengers Bangalore,Royal Challengers Bangalore,"Wankhede Stadium, Mumbai",Mumbai,Royal Challengers Bangalore,field,,KD Karthik
1304060,2022,2022-04-06,Mumbai Indians,Kolkata Knight Riders,Kolkata Knight Riders,"Maharashtra Cricket Association Stadium, Pune",Pune,Kolkata Knight Riders,field,,PJ Cummins
1304061,2022,2022-04-07,Delhi Capitals,Lucknow Super Giants,Lucknow Super Giants,"Dr DY Patil Sports Academy, Mumbai",Mumbai,Lucknow Super Giants,field,,Q de Kock
1304062,2022,2022-04-08,Punjab Kings,Gujarat Titans,Gujarat Titans,"Brabourne Stadium, Mumbai",Mumbai,Gujarat Titans,field,,Shubman Gill
1304063,2022,2022-04-09,Chennai Super Kings,Sunrisers Hyderabad,Sunrisers Hyderabad,"Dr DY Patil Sports Academy, Mumbai",Mumbai,Sunrisers Hyderabad,field,,Abhishek Sharma
1304064,2022,2022-04-09,Mumbai Indians,Royal Challengers Bangalore,Royal Challengers Bangalore,"Maharashtra Cricket Association Stadium, Pune",Pune,Royal Challengers Bangalore,field,,Anuj Rawat
1304065,2022,2022-04-10,Delhi Capitals,Kolkata Knight Riders,Delhi Capitals,"Brabourne Stadium, Mumbai",Mumbai,Kolkata Knight Riders,field,,Kuldeep Yadav
1304066,2022,2022-04-10,Rajasthan Royals,Lucknow Super Giants,Rajasthan Royals,"Wankhede Stadium, Mumbai",Mumbai,Lucknow Super Giants,field,,YS Chahal
1304067,2022,2022-04-11,Gujarat Titans,Sunrisers Hyderabad,Sunrisers Hyderabad,"Dr DY Patil Sports Academy, Mumbai",Mumbai,Sunrisers Hyderabad,field,,KS Williamson
1304068,2022,2022-04-12,Chennai Super Kings,Royal Challengers Bangalore,Chennai Super Kings,"Dr DY Patil Sports Academy, Mumbai",Mumbai,Royal Challengers Bangalore,field,,S Dube
1304069,2022,2022-04-13,Punjab Kings,Mumbai Indians,Punjab Kings,"Maharashtra Cricket Association Stadium, Pune",Pune,Mumbai Indians,field,,MA Agarwal
1304070,2022,2022-04-14,Gujarat Titans,Rajasthan Royals,Gujarat Titans,"Dr DY Patil Sports Academy, Mumbai",Mumbai,Rajasthan Royals,field,,HH Pandya
1304071,2022,2022-04-15,Kolkata Knight Riders,Sunrisers Hyderabad,Sunrisers Hyderabad,"Brabourne Stadium, Mumbai",Mumbai,Sunrisers Hyderabad,field,,RA Tripathi
1304072,2022,2022-04-16,Lucknow Super Giants,Mumbai Indians,Lucknow Super Giants,"Brabourne Stadium, Mumbai",Mumbai,Mumbai Indians,field,,KL Rahul
1304073,2022,2022-04-16,Royal Challengers Bangalore,Delhi Capitals,Royal Challengers Bangalore,"Wankhede Stadium, Mumbai",Mumbai,Delhi Capitals,field,,KD Karthik
1304074,2022,2022-04-17,Punjab Kings,Sunrisers Hyderabad,Sunrisers Hyderabad,"Dr DY Patil Sports Academy, Mumbai",Mumbai,Sunrisers Hyderabad,field,,Umran Malik
1304075,2022,2022-04-17,Chennai Super Kings,Gujarat Titans,Gujarat Titans,"Maharashtra Cricket Association Stadium, Pune",Pune,Gujarat Titans,field,,DA Miller
1304076,2022,2022-04-18,Rajasthan Royals,Kolkata Knight Riders,Rajasthan Royals,"Brabourne Stadium, Mumbai",Mumbai,Kolkata Knight Riders,field,,YS Chahal
1304077,2022,2022-04-19,Royal Challengers Bangalore,Lucknow Super Giants,Royal Challengers Bangalore,"Dr DY Patil Sports Academy, Mumbai",Mumbai,Lucknow Super Giants,field,,F du Plessis
1304078,2022,2022-04-20,Punjab Kings,Delhi Capitals,Delhi Capitals,"Brabourne Stadium, Mumbai",Mumbai,Delhi Capitals,field,,Kuldeep Yadav
1304079,2022,2022-04-21,Mumbai Indians,Chennai Super Kings,Chennai Super Kings,"Dr DY Patil Sports Academy, Mumbai",Navi Mumbai,Chennai Super Kings,field,,Mukesh Choudhary
1304080,2022,2022-04-22,Rajasthan Royals,Delhi Capitals,Rajasthan Royals,"Wankhede Stadium, Mumbai",Mumbai,Delhi Capitals,field,,JC Buttler
1304081,2022,2022-04-23,Gujarat Titans,Kolkata Knight Riders,Gujarat Titans,"Dr DY Patil Sports Academy, Mumbai",Navi Mumbai,Gujarat Titans,bat,,Rashid Khan
1304082,2022,2022-04-23,Royal Challengers Bangalore,Sunrisers Hyderabad,Sunrisers Hyderabad,"Brabourne Stadium, Mumbai",Mumbai,Sunrisers Hyderabad,field,,M Jansen
1304083,2022,2022-04-24,Lucknow Super Giants,Mumbai Indians,Lucknow Super Giants,"Wankhede Stadium, Mumbai",Mumbai,Mumbai Indians,field,,KL Rahul
1304084,2022,2022-04-25,Punjab Kings,Chennai Super Kings,Punjab Kings,"Wankhede Stadium, Mumbai",Mumbai,Chennai Super Kings,field,,S Dhawan
1304085,2022,2022-04-26,Rajasthan Royals,Royal Challengers Bangalore,Rajasthan Royals,"Maharashtra Cricket Association Stadium, Pune",Pune,Royal Challengers Bangalore,field,,R Parag
1304086,2022,2022-04-27,Sunrisers Hyderabad,Gujarat Titans,Gujarat Titans,"Wankhede Stadium, Mumbai",Mumbai,Gujarat Titans,field,,Umran Malik
1304087,2022,2022-04-28,Kolkata Knight Riders,Delhi Capitals,Delhi Capitals,"Wankhede Stadium, Mumbai",Mumbai,Delhi Capitals,field,,Kuldeep Yadav
1304088,2022,2022-04-29,Lucknow Super Giants,Punjab Kings,Lucknow Super Giants,"Maharashtra Cricket Association Stadium, Pune",Pune,Punjab Kings,field,,KH Pandya
1304089,2022,2022-04-30,Royal Challengers Bangalore,Gujarat Titans,Gujarat Titans,"Brabourne Stadium, Mumbai",Mumbai,Royal Challengers Bangalore,bat,,R Tewatia
1304090,2022,2022-04-30,Rajasthan Royals,Mumbai Indians,Mumbai Indians,"Dr DY Patil Sports Academy, Mumbai",Navi Mumbai,Mumbai Indians,field,,SA Yadav
1304091,2022,2022-05-01,Lucknow Super Giants,Delhi Capitals,Lucknow Super Giants,"Wankhede Stadium, Mumbai",Mumbai,Lucknow Super Giants,bat,,Mohsin Khan
1304092,2022,2022-05-01,Chennai Super Kings,Sunrisers Hyderabad,Chennai Super Kings,"Maharashtra Cricket Association Stadium, Pune",Pune,Sunrisers Hyderabad,field,,RD Gaikwad
1304093,2022,2022-05-02,Rajasthan Royals,Kolkata Knight Riders,Kolkata Knight Riders,"Wankhede Stadium, Mumbai",Mumbai,Kolkata Knight Riders,field,,RK Singh
1304094,2022,2022-05-03,Gujarat Titans,Punjab Kings,Punjab Kings,"Dr DY Patil Sports Academy, Mumbai",Navi Mumbai,Gujarat Titans,bat,,K Rabada
1304095,2022,2022-05-04,Royal Challengers Bangalore,Chennai Super Kings,Royal Challengers Bangalore,"Maharashtra Cricket Association Stadium, Pune",Pune,Chennai Super Kings,field,,HV Patel
1304096,2022,2022-05-05,Delhi Capitals,Sunrisers Hyderabad,Delhi Capitals,"Brabourne Stadium, Mumbai",Mumbai,Sunrisers Hyderabad,field,,DA Warner
1304097,2022,2022-05-06,Mumbai Indians,Gujarat Titans,Mumbai Indians,"Brabourne Stadium, Mumbai",Mumbai,Gujarat Titans,field,,TH David
1304098,2022,2022-05-07,Punjab Kings,Rajasthan Royals,Rajasthan Royals,"Wankhede Stadium, Mumbai",Mumbai,Punjab Kings,bat,,YBK Jaiswal
1304099,2022,2022-05-07,Lucknow Super Giants,Kolkata Knight Riders,Lucknow Super Giants,"Maharashtra Cricket Association Stadium, Pune",Pune,Kolkata Knight Riders,field,,Avesh Khan
1304100,2022,2022-05-08,Royal Challengers Bangalore,Sunrisers Hyderabad,Royal Challengers Bangalore,"Wankhede Stadium, Mumbai",Mumbai,Royal Challengers Bangalore,bat,,PWH de Silva
1304101,2022,2022-05-08,Chennai Super Kings,Delhi Capitals,Chennai Super Kings,"Dr DY Patil Sports Academy, Mumbai",Navi Mumbai,Delhi Capitals,field,,DP Conway
1304102,2022,2022-05-09,Kolkata Knight Riders,Mumbai Indians,Kolkata Knight Riders,"Dr DY Patil Sports Academy, Mumbai",Navi Mumbai,Mumbai Indians,field,,JJ Bumrah
1304103,2022,2022-05-10,Gujarat Titans,Lucknow Super Giants,Gujarat Titans,"Maharashtra Cricket Association Stadium, Pune",Pune,Gujarat Titans,bat,,Shubman Gill
1304104,2022,2022-05-11,Rajasthan Royals,Delhi Capitals,Delhi Capitals,"Dr DY Patil Sports Academy, Mumbai",Navi Mumbai,Delhi Capitals,field,,MR Marsh
1304105,2022,2022-05-12,Chennai Super Kings,Mumbai Indians,Mumbai Indians,"Wankhede Stadium, Mumbai",Mumbai,Mumbai Indians,field,,DR Sams
1304106,2022,2022-05-13,Punjab Kings,Royal Challengers Bangalore,Punjab Kings,"Brabourne Stadium, Mumbai",Mumbai,Royal Challengers Bangalore,field,,JM Bairstow
1304107,2022,2022-05-14,Kolkata Knight Riders,Sunrisers Hyderabad,Kolkata Knight Riders,"Maharashtra Cricket Association Stadium, Pune",Pune,Kolkata Knight Riders,bat,,AD Russell
1304108,2022,2022-05-15,Chennai Super Kings,Gujarat Titans,Gujarat Titans,"Wankhede Stadium, Mumbai",Mumbai,Chennai Super Kings,bat,,WP Saha
1304109,2022,2022-05-15,Rajasthan Royals,Lucknow Super Giants,Rajasthan Royals,"Brabourne Stadium, Mumbai",Mumbai,Rajasthan Royals,bat,,TA Boult
1304110,2022,2022-05-16,Delhi Capitals,Punjab Kings,Delhi Capitals,"Dr DY Patil Sports Academy, Mumbai",Navi Mumbai,Punjab Kings,field,,SN Thakur
1304111,2022,2022-05-17,Sunrisers Hyderabad,Mumbai Indians,Sunrisers Hyderabad,"Wankhede Stadium, Mumbai",Mumbai,Mumbai Indians,field,,RA Tripathi
1304112,2022,2022-05-18,Lucknow Super Giants,Kolkata Knight Riders,Lucknow Super Giants,"Dr DY Patil Sports Academy, Mumbai",Navi Mumbai,Lucknow Super Giants,bat,,Q de Kock
1304113,2022,2022-05-19,Gujarat Titans,Royal Challengers Bangalore,Royal Challengers Bangalore,"Wankhede Stadium, Mumbai",Mumbai,Gujarat Titans,bat,,V Kohli
1304114,2022,2022-05-20,Chennai Super Kings,Rajasthan Royals,Rajasthan Royals,"Brabourne Stadium, Mumbai",Mumbai,Chennai Super Kings,bat,,R Ashwin
1304115,2022,2022-05-21,Delhi Capitals,Mumbai Indians,Mumbai Indians,"Wankhede Stadium, Mumbai",Mumbai,Mumbai Indians,field,,JJ Bumrah
1304116,2022,2022-05-22,Sunrisers Hyderabad,Punjab Kings,Punjab Kings,"Wankhede Stadium, Mumbai",Mumbai,Sunrisers Hyderabad,bat,,Harpreet Brar
1312197,2022,2022-05-24,Rajasthan Royals,Gujarat Titans,Gujarat Titans,"Eden Gardens, Kolkata",Kolkata,Gujarat Titans,field,,DA Miller
1312198,2022,2022-05-25,Royal Challengers Bangalore,Lucknow Super Giants,Royal Challengers Bangalore,"Eden Gardens, Kolkata",Kolkata,Lucknow Super Giants,field,,RM Patidar
1312199,2022,2022-05-27,Royal Challengers Bangalore,Rajasthan Royals,Rajasthan Royals,"Narendra Modi Stadium, Ahmedabad",Ahmedabad,Rajasthan Royals,field,,JC Buttler
1312200,2022,2022-05-29,Rajasthan Royals,Gujarat Titans,Gujarat Titans,"Narendra Modi Stadium, Ahmedabad",Ahmedabad,Rajasthan Royals,bat,,HH Pandya
1359475,2023,2023-03-31,Chennai Super Kings,Gujarat Titans,Gujarat Titans,"Narendra Modi Stadium, Ahmedabad",Ahmedabad,Gujarat Titans,field,,Rashid Khan
1359476,2023,2023-04-01,Punjab Kings,Kolkata Knight Riders,Punjab Kings,"Punjab Cricket Association IS Bindra Stadium, Mohali, Chandigarh",Chandigarh,Kolkata Knight Riders,field,,Arshdeep Singh
1359477,2023,2023-04-01,Lucknow Super Giants,Delhi Capitals,Lucknow Super Giants,"Bharat Ratna Shri Atal Bihari Vajpayee Ekana Cricket Stadium, Lucknow",Lucknow,Delhi Capitals,field,,MA Wood
1359478,2023,2023-04-02,Rajasthan Royals,Sunrisers Hyderabad,Rajasthan Royals,"Rajiv Gandhi International Stadium, Uppal, Hyderabad",Hyderabad,Sunrisers Hyderabad,field,,JC Buttler
1359479,2023,2023-04-02,Mumbai Indians,Royal Challengers Bangalore,Royal Challengers Bangalore,"M Chinnaswamy Stadium, Bengaluru",Bengaluru,Royal Challengers Bangalore,field,,F du Plessis
1359480,2023,2023-04-03,Chennai Super Kings,Lucknow Super Giants,Chennai Super Kings,"MA Chidambaram Stadium, Chepauk, Chennai",Chennai,Lucknow Super Giants,field,,MM Ali
1359481,2023,2023-04-04,Delhi Capitals,Gujarat Titans,Gujarat Titans,"Arun Jaitley Stadium, Delhi",Delhi,Gujarat Titans,field,,B Sai Sudharsan
1359482,2023,2023-04-05,Punjab Kings,Rajasthan Royals,Punjab Kings,"Barsapara Cricket Stadium, Guwahati",Guwahati,Rajasthan Royals,field,,NT Ellis
1359483,2023,2023-04-06,Kolkata Knight Riders,Royal Challengers Bangalore,Kolkata Knight Riders,"Eden Gardens, Kolkata",Kolkata,Royal Challengers Bangalore,field,,SN Thakur
1359484,2023,2023-04-07,Sunrisers Hyderabad,Lucknow Super Giants,Lucknow Super Giants,"Bharat Ratna Shri Atal Bihari Vajpayee Ekana Cricket Stadium, Lucknow",Lucknow,Sunrisers Hyderabad,bat,,KH Pandya
1359485,2023,2023-04-08,Rajasthan Royals,Delhi Capitals,Rajasthan Royals,"Barsapara Cricket Stadium, Guwahati",Guwahati,Delhi Capitals,field,,YBK Jaiswal
1359486,2023,2023-04-08,Mumbai Indians,Chennai Super Kings,Chennai Super Kings,"Wankhede Stadium, Mumbai",Mumbai,Chennai Super Kings,field,,RA Jadeja
1359487,2023,2023-04-09,Gujarat Titans,Kolkata Knight Riders,Kolkata Knight Riders,"Narendra Modi Stadium, Ahmedabad",Ahmedabad,Gujarat Titans,bat,,RK Singh
1359488,2023,2023-04-09,Punjab Kings,Sunrisers Hyderabad,Sunrisers Hyderabad,"Rajiv Gandhi International Stadium, Uppal, Hyderabad",Hyderabad,Sunrisers Hyderabad,field,,S Dhawan
1359489,2023,2023-04-10,Royal Challengers Bangalore,Lucknow Super Giants,Lucknow Super Giants,"M Chinnaswamy Stadium, Bengaluru",Bengaluru,Lucknow Super Giants,field,,N Pooran
1359490,2023,2023-04-11,Delhi Capitals,Mumbai Indians,Mumbai Indians,"Arun Jaitley Stadium, Delhi",Delhi,Mumbai Indians,field,,RG Sharma
1359491,2023,2023-04-12,Rajasthan Royals,Chennai Super Kings,Rajasthan Royals,"MA Chidambaram Stadium, Chepauk, Chennai",Chennai,Chennai Super Kings,field,,R Ashwin
1359492,2023,2023-04-13,Punjab Kings,Gujarat Titans,Gujarat Titans,"Punjab Cricket Association IS Bindra Stadium, Mohali, Chandigarh",Chandigarh,Gujarat Titans,field,,MM Sharma
1359493,2023,2023-04-14,Sunrisers Hyderabad,Kolkata Knight Riders,Sunrisers Hyderabad,"Eden Gardens, Kolkata",Kolkata,Kolkata Knight Riders,field,,HC Brook
1359494,2023,2023-04-15,Royal Challengers Bangalore,Delhi Capitals,Royal Challengers Bangalore,"M Chinnaswamy Stadium, Bengaluru",Bengaluru,Delhi Capitals,field,,V Kohli
1359495,2023,2023-04-15,Lucknow Super Giants,Punjab Kings,Punjab Kings,"Bharat Ratna Shri Atal Bihari Vajpayee Ekana Cricket Stadium, Lucknow",Lucknow,Punjab Kings,field,,Sikandar Raza
1359496,2023,2023-04-16,Kolkata Knight Riders,Mumbai Indians,Mumbai Indians,"Wankhede Stadium, Mumbai",Mumbai,Mumbai Indians,field,,VR Iyer
1359497,2023,2023-04-16,Gujarat Titans,Rajasthan Royals,Rajasthan Royals,"Narendra Modi Stadium, Ahmedabad",Ahmedabad,Rajasthan Royals,field,,SO Hetmyer
1359498,2023,2023-04-17,Chennai Super Kings,Royal Challengers Bangalore,Chennai Super Kings,"M Chinnaswamy Stadium, Bengaluru",Bengaluru,Royal Challengers Bangalore,field,,DP Conway
1359499,2023,2023-04-18,Mumbai Indians,Sunrisers Hyderabad,Mumbai Indians,"Rajiv Gandhi International Stadium, Uppal, Hyderabad",Hyderabad,Sunrisers Hyderabad,field,,C Green
1359500,2023,2023-04-19,Lucknow Super Giants,Rajasthan Royals,Lucknow Super Giants,"Sawai Mansingh Stadium, Jaipur",Jaipur,Rajasthan Royals,field,,MP Stoinis
1359501,2023,2023-04-20,Royal Challengers Bangalore,Punjab Kings,Royal Challengers Bangalore,"Punjab Cricket Association IS Bindra Stadium, Mohali, Chandigarh",Chandigarh,Punjab Kings,field,,Mohammed Siraj
1359502,2023,2023-04-20,Kolkata Knight Riders,Delhi Capitals,Delhi Capitals,"Arun Jaitley Stadium, Delhi",Delhi,Delhi Capitals,field,,I Sharma
1359503,2023,2023-04-21,Sunrisers Hyderabad,Chennai Super Kings,Chennai Super Kings,"MA Chidambaram Stadium, Chepauk, Chennai",Chennai,Chennai Super Kings,field,,RA Jadeja
1359504,2023,2023-04-22,Gujarat Titans,Lucknow Super Giants,Gujarat Titans,"Bharat Ratna Shri Atal Bihari Vajpayee Ekana Cricket Stadium, Lucknow",Lucknow,Gujarat Titans,bat,,MM Sharma
1359505,2023,2023-04-22,Punjab Kings,Mumbai Indians,Punjab Kings,"Wankhede Stadium, Mumbai",Mumbai,Mumbai Indians,field,,SM Curran
1359506,2023,2023-04-23,Royal Challengers Bangalore,Rajasthan Royals,Royal Challengers Bangalore,"M Chinnaswamy Stadium, Bengaluru",Bengaluru,Rajasthan Royals,field,,GJ Maxwell
1359507,2023,2023-04-23,Chennai Super Kings,Kolkata Knight Riders,Chennai Super Kings,"Eden Gardens, Kolkata",Kolkata,Kolkata Knight Riders,field,,AM Rahane
1359508,2023,2023-04-24,Delhi Capitals,Sunrisers Hyderabad,Delhi Capitals,"Rajiv Gandhi International Stadium, Uppal, Hyderabad",Hyderabad,Delhi Capitals,bat,,AR Patel
1359509,2023,2023-04-25,Gujarat Titans,Mumbai Indians,Gujarat Titans,"Narendra Modi Stadium, Ahmedabad",Ahmedabad,Mumbai Indians,field,,A Manohar
1359510,2023,2023-04-26,Kolkata Knight Riders,Royal Challengers Bangalore,Kolkata Knight Riders,"M Chinnaswamy Stadium, Bengaluru",Bengaluru,Royal Challengers Bangalore,field,,CV Varun
1359511,2023,2023-04-27,Rajasthan Royals,Chennai Super Kings,Rajasthan Royals,"Sawai Mansingh Stadium, Jaipur",Jaipur,Rajasthan Royals,bat,,YBK Jaiswal
1359512,2023,2023-04-28,Lucknow Super Giants,Punjab Kings,Lucknow Super Giants,"Punjab Cricket Association IS Bindra Stadium, Mohali, Chandigarh",Chandigarh,Punjab Kings,field,,MP Stoinis
1359513,2023,2023-04-29,Kolkata Knight Riders,Gujarat Titans,Gujarat Titans,"Eden Gardens, Kolkata",Kolkata,Gujarat Titans,field,,J Little
1359514,2023,2023-04-29,Sunrisers Hyderabad,Delhi Capitals,Sunrisers Hyderabad,"Arun Jaitley Stadium, Delhi",Delhi,Sunrisers Hyderabad,bat,,MR Marsh
1359515,2023,2023-04-30,Chennai Super Kings,Punjab Kings,Punjab Kings,"MA Chidambaram Stadium, Chepauk, Chennai",Chennai,Chennai Super Kings,bat,,DP Conway
1359516,2023,2023-04-30,Rajasthan Royals,Mumbai Indians,Mumbai Indians,"Wankhede Stadium, Mumbai",Mumbai,Rajasthan Royals,bat,,YBK Jaiswal
1359517,2023,2023-05-01,Royal Challengers Bangalore,Lucknow Super Giants,Royal Challengers Bangalore,"Bharat Ratna Shri Atal Bihari Vajpayee Ekana Cricket Stadium, Lucknow",Lucknow,Royal Challengers Bangalore,bat,,F du Plessis
1359518,2023,2023-05-02,Delhi Capitals,Gujarat Titans,Delhi Capitals,"Narendra Modi Stadium, Ahmedabad",Ahmedabad,Delhi Capitals,bat,,Mohammed Shami
1359519,2023,2023-05-03,Lucknow Super Giants,Chennai Super Kings,,"Bharat Ratna Shri Atal Bihari Vajpayee Ekana Cricket Stadium, Lucknow",Lucknow,Chennai Super Kings,field,no result,
1359520,2023,2023-05-03,Punjab Kings,Mumbai Indians,Mumbai Indians,"Punjab Cricket Association IS Bindra Stadium, Mohali, Chandigarh",Chandigarh,Mumbai Indians,field,,Ishan Kishan
1359521,2023,2023-05-04,Kolkata Knight Riders,Sunrisers Hyderabad,Kolkata Knight Riders,"Rajiv Gandhi International Stadium, Uppal, Hyderabad",Hyderabad,Kolkata Knight Riders,bat,,CV Varun
1359522,2023,2023-05-05,Rajasthan Royals,Gujarat Titans,Gujarat Titans,"Sawai Mansingh Stadium, Jaipur",Jaipur,Rajasthan Royals,bat,,Rashid Khan
1359523,2023,2023-05-06,Mumbai Indians,Chennai Super Kings,Chennai Super Kings,"MA Chidambaram Stadium, Chepauk, Chennai",Chennai,Chennai Super Kings,field,,M Pathirana
1359524,2023,2023-05-06,Royal Challengers Bangalore,Delhi Capitals,Delhi Capitals,"Arun Jaitley Stadium, Delhi",Delhi,Royal Challengers Bangalore,bat,,PD Salt
1359525,2023,2023-05-07,Gujarat Titans,Lucknow Super Giants,Gujarat Titans,"Narendra Modi Stadium, Ahmedabad",Ahmedabad,Lucknow Super Giants,field,,Shubman Gill
1359526,2023,2023-05-07,Rajasthan Royals,Sunrisers Hyderabad,Sunrisers Hyderabad,"Sawai Mansingh Stadium, Jaipur",Jaipur,Rajasthan Royals,bat,,GD Phillips
1359527,2023,2023-05-08,Punjab Kings,Kolkata Knight Riders,Kolkata Knight Riders,"Eden Gardens, Kolkata",Kolkata,Punjab Kings,bat,,AD Russell
1359528,2023,2023-05-09,Royal Challengers Bangalore,Mumbai Indians,Mumbai Indians,"Wankhede Stadium, Mumbai",Mumbai,Mumbai Indians,field,,SA Yadav
1359529,2023,2023-05-10,Chennai Super Kings,Delhi Capitals,Chennai Super Kings,"MA Chidambaram Stadium, Chepauk, Chennai",Chennai,Chennai Super Kings,bat,,RA Jadeja
1359530,2023,2023-05-11,Kolkata Knight Riders,Rajasthan Royals,Rajasthan Royals,"Eden Gardens, Kolkata",Kolkata,Rajasthan Royals,field,,YBK Jaiswal
1359531,2023,2023-05-12,Mumbai Indians,Gujarat Titans,Mumbai Indians,"Wankhede Stadium, Mumbai",Mumbai,Gujarat Titans,field,,SA Yadav
1359532,2023,2023-05-13,Sunrisers Hyderabad,Lucknow Super Giants,Lucknow Super Giants,"Rajiv Gandhi International Stadium, Uppal, Hyderabad",Hyderabad,Sunrisers Hyderabad,bat,,PN Mankad
1359533,2023,2023-05-13,Punjab Kings,Delhi Capitals,Punjab Kings,"Arun Jaitley Stadium, Delhi",Delhi,Delhi Capitals,field,,P Simran Singh
1359534,2023,2023-05-14,Royal Challengers Bangalore,Rajasthan Royals,Royal Challengers Bangalore,"Sawai Mansingh Stadium, Jaipur",Jaipur,Royal Challengers Bangalore,bat,,WD Parnell
1359535,2023,2023-05-14,Chennai Super Kings,Kolkata Knight Riders,Kolkata Knight Riders,"MA Chidambaram Stadium, Chepauk, Chennai",Chennai,Chennai Super Kings,bat,,RK Singh
1359536,2023,2023-05-15,Gujarat Titans,Sunrisers Hyderabad,Gujarat Titans,"Narendra Modi Stadium, Ahmedabad",Ahmedabad,Sunrisers Hyderabad,field,,Shubman Gill
1359537,2023,2023-05-16,Lucknow Super Giants,Mumbai Indians,Lucknow Super Giants,"Bharat Ratna Shri Atal Bihari Vajpayee Ekana Cricket Stadium, Lucknow",Lucknow,Mumbai Indians,field,,MP Stoinis
1359538,2023,2023-05-17,Delhi Capitals,Punjab Kings,Delhi Capitals,"Himachal Pradesh Cricket Association Stadium, Dharamsala",Dharamsala,Punjab Kings,field,,RR Rossouw
1359539,2023,2023-05-18,Sunrisers Hyderabad,Royal Challengers Bangalore,Royal Challengers Bangalore,"Rajiv Gandhi International Stadium, Uppal, Hyderabad",Hyderabad,Royal Challengers Bangalore,field,,V Kohli
1359540,2023,2023-05-19,Punjab Kings,Rajasthan Royals,Rajasthan Royals,"Himachal Pradesh Cricket Association Stadium, Dharamsala",Dharamsala,Rajasthan Royals,field,,D Padikkal
1359541,2023,2023-05-20,Chennai Super Kings,Delhi Capitals,Chennai Super Kings,"Arun Jaitley Stadium, Delhi",Delhi,Chennai Super Kings,bat,,RD Gaikwad
1359542,2023,2023-05-20,Lucknow Super Giants,Kolkata Knight Riders,Lucknow Super Giants,"Eden Gardens, Kolkata",Kolkata,Kolkata Knight Riders,field,,N Pooran
1359543,2023,2023-05-21,Sunrisers Hyderabad,Mumbai Indians,Mumbai Indians,"Wankhede Stadium, Mumbai",Mumbai,Mumbai Indians,field,,C Green
1359544,2023,2023-05-21,Royal Challengers Bangalore,Gujarat Titans,Gujarat Titans,"M Chinnaswamy Stadium, Bengaluru",Bengaluru,Gujarat Titans,field,,Shubman Gill
1370350,2023,2023-05-23,Chennai Super Kings,Gujarat Titans,Chennai Super Kings,"MA Chidambaram Stadium, Chepauk, Chennai",Chennai,Gujarat Titans,field,,RD Gaikwad
1370351,2023,2023-05-24,Mumbai Indians,Lucknow Super Giants,Mumbai Indians,"MA Chidambaram Stadium, Chepauk, Chennai",Chennai,Mumbai Indians,bat,,Akash Madhwal
1370352,2023,2023-05-26,Gujarat Titans,Mumbai Indians,Gujarat Titans,"Narendra Modi Stadium, Ahmedabad",Ahmedabad,Mumbai Indians,field,,Shubman Gill
1370353,2023,2023-05-29,Gujarat Titans,Chennai Super Kings,Chennai Super Kings,"Narendra Modi Stadium, Ahmedabad",Ahmedabad,Chennai Super Kings,field,,DP Conway
1422119,2024,2024-03-22,Royal Challengers Bengaluru,Chennai Super Kings,Chennai Super Kings,"MA Chidambaram Stadium, Chepauk, Chennai",Chennai,Royal Challengers Bengaluru,bat,,Mustafizur Rahman
1422120,2024,2024-03-23,Delhi Capitals,Punjab Kings,Punjab Kings,"Maharaja Yadavindra Singh International Cricket Stadium, Mullanpur",Mohali,Punjab Kings,field,,SM Curran
1422121,2024,2024-03-23,Kolkata Knight Riders,Sunrisers Hyderabad,Kolkata Knight Riders,"Eden Gardens, Kolkata",Kolkata,Sunrisers Hyderabad,field,,AD Russell
1422122,2024,2024-03-24,Rajasthan Royals,Lucknow Super Giants,Rajasthan Royals,"Sawai Mansingh Stadium, Jaipur",Jaipur,Rajasthan Royals,bat,,SV Samson
1422123,2024,2024-03-24,Gujarat Titans,Mumbai Indians,Gujarat Titans,"Narendra Modi Stadium, Ahmedabad",Ahmedabad,Mumbai Indians,field,,B Sai Sudharsan
1422124,2024,2024-03-25,Punjab Kings,Royal Challengers Bengaluru,Royal Challengers Bengaluru,"M Chinnaswamy Stadium, Bengaluru",Bengaluru,Royal Challengers Bengaluru,field,,V Kohli
1422125,2024,2024-03-26,Chennai Super Kings,Gujarat Titans,Chennai Super Kings,"MA Chidambaram Stadium, Chepauk, Chennai",Chennai,Gujarat Titans,field,,S Dube
1422126,2024,2024-03-27,Sunrisers Hyderabad,Mumbai Indians,Sunrisers Hyderabad,"Rajiv Gandhi International Stadium, Uppal, Hyderabad",Hyderabad,Mumbai Indians,field,,Abhishek Sharma
1422127,2024,2024-03-28,Rajasthan Royals,Delhi Capitals,Rajasthan Royals,"Sawai Mansingh Stadium, Jaipur",Jaipur,Delhi Capitals,field,,R Parag
1422128,2024,2024-03-29,Royal Challengers Bengaluru,Kolkata Knight Riders,Kolkata Knight Riders,"M Chinnaswamy Stadium, Bengaluru",Bengaluru,Kolkata Knight Riders,field,,SP Narine
1422129,2024,2024-03-30,Lucknow Super Giants,Punjab Kings,Lucknow Super Giants,"Bharat Ratna Shri Atal Bihari Vajpayee Ekana Cricket Stadium, Lucknow",Lucknow,Lucknow Super Giants,bat,,MP Yadav
1422130,2024,2024-03-31,Sunrisers Hyderabad,Gujarat Titans,Gujarat Titans,"Narendra Modi Stadium, Ahmedabad",Ahmedabad,Sunrisers Hyderabad,bat,,MM Sharma
1422131,2024,2024-03-31,Delhi Capitals,Chennai Super Kings,Delhi Capitals,"Dr. Y.S. Rajasekhara Reddy ACA-VDCA Cricket Stadium, Visakhapatnam",Visakhapatnam,Delhi Capitals,bat,,KK Ahmed
1422132,2024,2024-04-01,Mumbai Indians,Rajasthan Royals,Rajasthan Royals,"Wankhede Stadium, Mumbai",Mumbai,Rajasthan Royals,field,,TA Boult
1422133,2024,2024-04-02,Lucknow Super Giants,Royal Challengers Bengaluru,Lucknow Super Giants,"M Chinnaswamy Stadium, Bengaluru",Bengaluru,Royal Challengers Bengaluru,field,,MP Yadav
1422134,2024,2024-04-03,Kolkata Knight Riders,Delhi Capitals,Kolkata Knight Riders,"Dr. Y.S. Rajasekhara Reddy ACA-VDCA Cricket Stadium, Visakhapatnam",Visakhapatnam,Kolkata Knight Riders,bat,,SP Narine
1422135,2024,2024-04-04,Gujarat Titans,Punjab Kings,Punjab Kings,"Narendra Modi Stadium, Ahmedabad",Ahmedabad,Punjab Kings,field,,Shashank Singh
1422136,2024,2024-04-05,Chennai Super Kings,Sunrisers Hyderabad,Sunrisers Hyderabad,"Rajiv Gandhi International Stadium, Uppal, Hyderabad",Hyderabad,Sunrisers Hyderabad,field,,Abhishek Sharma
1422137,2024,2024-04-06,Royal Challengers Bengaluru,Rajasthan Royals,Rajasthan Royals,"Sawai Mansingh Stadium, Jaipur",Jaipur,Rajasthan Royals,field,,JC Buttler
1422138,2024,2024-04-07,Mumbai Indians,Delhi Capitals,Mumbai Indians,"Wankhede Stadium, Mumbai",Mumbai,Delhi Capitals,field,,R Shepherd
1422139,2024,2024-04-07,Lucknow Super Giants,Gujarat Titans,Lucknow Super Giants,"Bharat Ratna Shri Atal Bihari Vajpayee Ekana Cricket Stadium, Lucknow",Lucknow,Lucknow Super Giants,bat,,Yash Thakur
1426260,2024,2024-04-08,Kolkata Knight Riders,Chennai Super Kings,Chennai Super Kings,"MA Chidambaram Stadium, Chepauk, Chennai",Chennai,Chennai Super Kings,field,,RA Jadeja
1426261,2024,2024-04-09,Sunrisers Hyderabad,Punjab Kings,Sunrisers Hyderabad,"Maharaja Yadavindra Singh International Cricket Stadium, Mullanpur",Mohali,Punjab Kings,field,,Nithish Kumar Reddy
1426262,2024,2024-04-10,Rajasthan Royals,Gujarat Titans,Gujarat Titans,"Sawai Mansingh Stadium, Jaipur",Jaipur,Gujarat Titans,field,,Rashid Khan
1426263,2024,2024-04-11,Royal Challengers Bengaluru,Mumbai Indians,Mumbai Indians,"Wankhede Stadium, Mumbai",Mumbai,Mumbai Indians,field,,JJ Bumrah
1426264,2024,2024-04-12,Lucknow Super Giants,Delhi Capitals,Delhi Capitals,"Bharat Ratna Shri Atal Bihari Vajpayee Ekana Cricket Stadium, Lucknow",Lucknow,Lucknow Super Giants,bat,,Kuldeep Yadav
1426265,2024,2024-04-13,Punjab Kings,Rajasthan Royals,Rajasthan Royals,"Maharaja Yadavindra Singh International Cricket Stadium, Mullanpur",Mohali,Rajasthan Royals,field,,SO Hetmyer
1426266,2024,2024-04-14,Lucknow Super Giants,Kolkata Knight Riders,Kolkata Knight Riders,"Eden Gardens, Kolkata",Kolkata,Kolkata Knight Riders,field,,PD Salt
1426267,2024,2024-04-14,Chennai Super Kings,Mumbai Indians,Chennai Super Kings,"Wankhede Stadium, Mumbai",Mumbai,Mumbai Indians,field,,M Pathirana
1426268,2024,2024-04-15,Sunrisers Hyderabad,Royal Challengers Bengaluru,Sunrisers Hyderabad,"M Chinnaswamy Stadium, Bengaluru",Bengaluru,Royal Challengers Bengaluru,field,,TM Head
1426269,2024,2024-04-16,Kolkata Knight Riders,Rajasthan Royals,Rajasthan Royals,"Eden Gardens, Kolkata",Kolkata,Rajasthan Royals,field,,JC Buttler
1426270,2024,2024-04-17,Gujarat Titans,Delhi Capitals,Delhi Capitals,"Narendra Modi Stadium, Ahmedabad",Ahmedabad,Delhi Capitals,field,,RR Pant
1426271,2024,2024-04-18,Mumbai Indians,Punjab Kings,Mumbai Indians,"Maharaja Yadavindra Singh International Cricket Stadium, Mullanpur",Mohali,Punjab Kings,field,,JJ Bumrah
1426272,2024,2024-04-19,Chennai Super Kings,Lucknow Super Giants,Lucknow Super Giants,"Bharat Ratna Shri Atal Bihari Vajpayee Ekana Cricket Stadium, Lucknow",Lucknow,Lucknow Super Giants,field,,KL Rahul
1426273,2024,2024-04-20,Sunrisers Hyderabad,Delhi Capitals,Sunrisers Hyderabad,"Arun Jaitley Stadium, Delhi",Delhi,Delhi Capitals,field,,TM Head
1426274,2024,2024-04-21,Kolkata Knight Riders,Royal Challengers Bengaluru,Kolkata Knight Riders,"Eden Gardens, Kolkata",Kolkata,Royal Challengers Bengaluru,field,,AD Russell
1426275,2024,2024-04-21,Punjab Kings,Gujarat Titans,Gujarat Titans,"Maharaja Yadavindra Singh International Cricket Stadium, Mullanpur",Mohali,Punjab Kings,bat,,R Sai Kishore
1426276,2024,2024-04-22,Mumbai Indians,Rajasthan Royals,Rajasthan Royals,"Sawai Mansingh Stadium, Jaipur",Jaipur,Mumbai Indians,bat,,Sandeep Sharma
1426277,2024,2024-04-23,Chennai Super Kings,Lucknow Super Giants,Lucknow Super Giants,"MA Chidambaram Stadium, Chepauk, Chennai",Chennai,Lucknow Super Giants,field,,MP Stoinis
1426278,2024,2024-04-24,Delhi Capitals,Gujarat Titans,Delhi Capitals,"Arun Jaitley Stadium, Delhi",Delhi,Gujarat Titans,field,,RR Pant
1426279,2024,2024-04-25,Royal Challengers Bengaluru,Sunrisers Hyderabad,Royal Challengers Bengaluru,"Rajiv Gandhi International Stadium, Uppal, Hyderabad",Hyderabad,Royal Challengers Bengaluru,bat,,RM Patidar
1426280,2024,2024-04-26,Kolkata Knight Riders,Punjab Kings,Punjab Kings,"Eden Gardens, Kolkata",Kolkata,Punjab Kings,field,,JM Bairstow
1426281,2024,2024-04-27,Delhi Capitals,Mumbai Indians,Delhi Capitals,"Arun Jaitley Stadium, Delhi",Delhi,Mumbai Indians,field,,J Fraser-McGurk
1426282,2024,2024-04-27,Lucknow Super Giants,Rajasthan Royals,Rajasthan Royals,"Bharat Ratna Shri Atal Bihari Vajpayee Ekana Cricket Stadium, Lucknow",Lucknow,Rajasthan Royals,field,,SV Samson
1426283,2024,2024-04-28,Gujarat Titans,Royal Challengers Bengaluru,Royal Challengers Bengaluru,"Narendra Modi Stadium, Ahmedabad",Ahmedabad,Royal Challengers Bengaluru,field,,WG Jacks
1426284,2024,2024-04-28,Chennai Super Kings,Sunrisers Hyderabad,Chennai Super Kings,"MA Chidambaram Stadium, Chepauk, Chennai",Chennai,Sunrisers Hyderabad,field,,RD Gaikwad
1426285,2024,2024-04-29,Delhi Capitals,Kolkata Knight Riders,Kolkata Knight Riders,"Eden Gardens, Kolkata",Kolkata,Delhi Capitals,bat,,CV Varun
1426286,2024,2024-04-30,Mumbai Indians,Lucknow Super Giants,Lucknow Super Giants,"Bharat Ratna Shri Atal Bihari Vajpayee Ekana Cricket Stadium, Lucknow",Lucknow,Lucknow Super Giants,field,,MP Stoinis
1426287,2024,2024-05-01,Chennai Super Kings,Punjab Kings,Punjab Kings,"MA Chidambaram Stadium, Chepauk, Chennai",Chennai,Punjab Kings,field,,Harpreet Brar
1426288,2024,2024-05-02,Sunrisers Hyderabad,Rajasthan Royals,Sunrisers Hyderabad,"Rajiv Gandhi International Stadium, Uppal, Hyderabad",Hyderabad,Sunrisers Hyderabad,bat,,B Kumar
1426289,2024,2024-05-03,Kolkata Knight Riders,Mumbai Indians,Kolkata Knight Riders,"Wankhede Stadium, Mumbai",Mumbai,Mumbai Indians,field,,VR Iyer
1426290,2024,2024-05-04,Gujarat Titans,Royal Challengers Bengaluru,Royal Challengers Bengaluru,"M Chinnaswamy Stadium, Bengaluru",Bengaluru,Royal Challengers Bengaluru,field,,Mohammed Siraj
1426291,2024,2024-05-05,Chennai Super Kings,Punjab Kings,Chennai Super Kings,"Himachal Pradesh Cricket Association Stadium, Dharamsala",Dharamsala,Punjab Kings,field,,RA Jadeja
1426292,2024,2024-05-05,Kolkata Knight Riders,Lucknow Super Giants,Kolkata Knight Riders,"Bharat Ratna Shri Atal Bihari Vajpayee Ekana Cricket Stadium, Lucknow",Lucknow,Lucknow Super Giants,field,,SP Narine
1426293,2024,2024-05-06,Sunrisers Hyderabad,Mumbai Indians,Mumbai Indians,"Wankhede Stadium, Mumbai",Mumbai,Mumbai Indians,field,,SA Yadav
1426294,2024,2024-05-07,Delhi Capitals,Rajasthan Royals,Delhi Capitals,"Arun Jaitley Stadium, Delhi",Delhi,Rajasthan Royals,field,,Kuldeep Yadav
1426295,2024,2024-05-08,Lucknow Super Giants,Sunrisers Hyderabad,Sunrisers Hyderabad,"Rajiv Gandhi International Stadium, Uppal, Hyderabad",Hyderabad,Lucknow Super Giants,bat,,TM Head
1426296,2024,2024-05-09,Royal Challengers Bengaluru,Punjab Kings,Royal Challengers Bengaluru,"Himachal Pradesh Cricket Association Stadium, Dharamsala",Dharamsala,Punjab Kings,field,,V Kohli
1426297,2024,2024-05-10,Gujarat Titans,Chennai Super Kings,Gujarat Titans,"Narendra Modi Stadium, Ahmedabad",Ahmedabad,Chennai Super Kings,field,,Shubman Gill
1426298,2024,2024-05-11,Kolkata Knight Riders,Mumbai Indians,Kolkata Knight Riders,"Eden Gardens, Kolkata",Kolkata,Mumbai Indians,field,,CV Varun
1426299,2024,2024-05-12,Rajasthan Royals,Chennai Super Kings,Chennai Super Kings,"MA Chidambaram Stadium, Chepauk, Chennai",Chennai,Rajasthan Royals,bat,,Simarjeet Singh
1426300,2024,2024-05-12,Royal Challengers Bengaluru,Delhi Capitals,Royal Challengers Bengaluru,"M Chinnaswamy Stadium, Bengaluru",Bengaluru,Delhi Capitals,field,,C Green
1426302,2024,2024-05-14,Delhi Capitals,Lucknow Super Giants,Delhi Capitals,"Arun Jaitley Stadium, Delhi",Delhi,Lucknow Super Giants,field,,I Sharma
1426303,2024,2024-05-15,Rajasthan Royals,Punjab Kings,Punjab Kings,"Barsapara Cricket Stadium, Guwahati",Guwahati,Rajasthan Royals,bat,,SM Curran
1426305,2024,2024-05-17,Lucknow Super Giants,Mumbai Indians,Lucknow Super Giants,"Wankhede Stadium, Mumbai",Mumbai,Mumbai Indians,field,,N Pooran
1426306,2024,2024-05-18,Royal Challengers Bengaluru,Chennai Super Kings,Royal Challengers Bengaluru,"M Chinnaswamy Stadium, Bengaluru",Bengaluru,Chennai Super Kings,field,,F du Plessis
1426307,2024,2024-05-19,Punjab Kings,Sunrisers Hyderabad,Sunrisers Hyderabad,"Rajiv Gandhi International Stadium, Uppal, Hyderabad",Hyderabad,Punjab Kings,bat,,Abhishek Sharma
1426309,2024,2024-05-21,Sunrisers Hyderabad,Kolkata Knight Riders,Kolkata Knight Riders,"Narendra Modi Stadium, Ahmedabad",Ahmedabad,Sunrisers Hyderabad,bat,,MA Starc
1426310,2024,2024-05-22,Royal Challengers Bengaluru,Rajasthan Royals,Rajasthan Royals,"Narendra Modi Stadium, Ahmedabad",Ahmedabad,Rajasthan Royals,field,,R Ashwin
1426311,2024,2024-05-24,Sunrisers Hyderabad,Rajasthan Royals,Sunrisers Hyderabad,"MA Chidambaram Stadium, Chepauk, Chennai",Chennai,Rajasthan Royals,field,,Shahbaz Ahmed
1426312,2024,2024-05-26,Sunrisers Hyderabad,Kolkata Knight Riders,Kolkata Knight Riders,"MA Chidambaram Stadium, Chepauk, Chennai",Chennai,Sunrisers Hyderabad,bat,,MA Starc
1473438,2025,2025-03-22,Kolkata Knight Riders,Royal Challengers Bengaluru,Royal Challengers Bengaluru,"Eden Gardens, Kolkata",Kolkata,Royal Challengers Bengaluru,field,,KH Pandya
1473439,2025,2025-03-23,Sunrisers Hyderabad,Rajasthan Royals,Sunrisers Hyderabad,"Rajiv Gandhi International Stadium, Uppal, Hyderabad",Hyderabad,Rajasthan Royals,field,,Ishan Kishan
1473440,2025,2025-03-23,Mumbai Indians,Chennai Super Kings,Chennai Super Kings,"MA Chidambaram Stadium, Chepauk, Chennai",Chennai,Chennai Super Kings,field,,Noor Ahmad
1473441,2025,2025-03-24,Lucknow Super Giants,Delhi Capitals,Delhi Capitals,"Dr. Y.S. Rajasekhara Reddy ACA-VDCA Cricket Stadium, Visakhapatnam",Visakhapatnam,Delhi Capitals,field,,Ashutosh Sharma
1473442,2025,2025-03-25,Punjab Kings,Gujarat Titans,Punjab Kings,"Narendra Modi Stadium, Ahmedabad",Ahmedabad,Gujarat Titans,field,,SS Iyer
1473443,2025,2025-03-26,Rajasthan Royals,Kolkata Knight Riders,Kolkata Knight Riders,"Barsapara Cricket Stadium, Guwahati",Guwahati,Kolkata Knight Riders,field,,Q de Kock
1473444,2025,2025-03-27,Sunrisers Hyderabad,Lucknow Super Giants,Lucknow Super Giants,"Rajiv Gandhi International Stadium, Uppal, Hyderabad",Hyderabad,Lucknow Super Giants,field,,SN Thakur
1473445,2025,2025-03-28,Royal Challengers Bengaluru,Chennai Super Kings,Royal Challengers Bengaluru,"MA Chidambaram Stadium, Chepauk, Chennai",Chennai,Chennai Super Kings,field,,RM Patidar
1473446,2025,2025-03-29,Gujarat Titans,Mumbai Indians,Gujarat Titans,"Narendra Modi Stadium, Ahmedabad",Ahmedabad,Mumbai Indians,field,,M Prasidh Krishna
1473447,2025,2025-03-30,Sunrisers Hyderabad,Delhi Capitals,Delhi Capitals,"Dr. Y.S. Rajasekhara Reddy ACA-VDCA Cricket Stadium, Visakhapatnam",Visakhapatnam,Sunrisers Hyderabad,bat,,MA Starc
1473448,2025,2025-03-30,Rajasthan Royals,Chennai Super Kings,Rajasthan Royals,"Barsapara Cricket Stadium, Guwahati",Guwahati,Chennai Super Kings,field,,N Rana
1473449,2025,2025-03-31,Kolkata Knight Riders,Mumbai Indians,Mumbai Indians,"Wankhede Stadium, Mumbai",Mumbai,Mumbai Indians,field,,Ashwani Kumar
1473450,2025,2025-04-01,Lucknow Super Giants,Punjab Kings,Punjab Kings,"Bharat Ratna Shri Atal Bihari Vajpayee Ekana Cricket Stadium, Lucknow",Lucknow,Punjab Kings,field,,P Simran Singh
1473451,2025,2025-04-02,Royal Challengers Bengaluru,Gujarat Titans,Gujarat Titans,"M Chinnaswamy Stadium, Bengaluru",Bengaluru,Gujarat Titans,field,,Mohammed Siraj
1473452,2025,2025-04-03,Kolkata Knight Riders,Sunrisers Hyderabad,Kolkata Knight Riders,"Eden Gardens, Kolkata",Kolkata,Sunrisers Hyderabad,field,,VG Arora
1473453,2025,2025-04-04,Lucknow Super Giants,Mumbai Indians,Lucknow Super Giants,"Bharat Ratna Shri Atal Bihari Vajpayee Ekana Cricket Stadium, Lucknow",Lucknow,Mumbai Indians,field,,DS Rathi
1473454,2025,2025-04-05,Delhi Capitals,Chennai Super Kings,Delhi Capitals,"MA Chidambaram Stadium, Chepauk, Chennai",Chennai,Delhi Capitals,bat,,KL Rahul
1473455,2025,2025-04-05,Rajasthan Royals,Punjab Kings,Rajasthan Royals,"Maharaja Yadavindra Singh International Cricket Stadium, Mullanpur",Mohali,Punjab Kings,field,,JC Archer
1473456,2025,2025-04-08,Lucknow Super Giants,Kolkata Knight Riders,Lucknow Super Giants,"Eden Gardens, Kolkata",Kolkata,Kolkata Knight Riders,field,,N Pooran
1473457,2025,2025-04-06,Sunrisers Hyderabad,Gujarat Titans,Gujarat Titans,"Rajiv Gandhi International Stadium, Uppal, Hyderabad",Hyderabad,Gujarat Titans,field,,Mohammed Siraj
1473458,2025,2025-04-07,Royal Challengers Bengaluru,Mumbai Indians,Royal Challengers Bengaluru,"Wankhede Stadium, Mumbai",Mumbai,Mumbai Indians,field,,RM Patidar
1473459,2025,2025-04-08,Punjab Kings,Chennai Super Kings,Punjab Kings,"Maharaja Yadavindra Singh International Cricket Stadium, Mullanpur",Mohali,Punjab Kings,bat,,Priyansh Arya
1473460,2025,2025-04-09,Gujarat Titans,Rajasthan Royals,Gujarat Titans,"Narendra Modi Stadium, Ahmedabad",Ahmedabad,Rajasthan Royals,field,,B Sai Sudharsan
1473461,2025,2025-04-10,Royal Challengers Bengaluru,Delhi Capitals,Delhi Capitals,"M Chinnaswamy Stadium, Bengaluru",Bengaluru,Delhi Capitals,field,,KL Rahul
1473462,2025,2025-04-11,Chennai Super Kings,Kolkata Knight Riders,Kolkata Knight Riders,"MA Chidambaram Stadium, Chepauk, Chennai",Chennai,Kolkata Knight Riders,field,,SP Narine
1473463,2025,2025-04-12,Gujarat Titans,Lucknow Super Giants,Lucknow Super Giants,"Bharat Ratna Shri Atal Bihari Vajpayee Ekana Cricket Stadium, Lucknow",Lucknow,Lucknow Super Giants,field,,AK Markram
1473464,2025,2025-04-12,Punjab Kings,Sunrisers Hyderabad,Sunrisers Hyderabad,"Rajiv Gandhi International Stadium, Uppal, Hyderabad",Hyderabad,Punjab Kings,bat,,Abhishek Sharma
1473465,2025,2025-04-13,Rajasthan Royals,Royal Challengers Bengaluru,Royal Challengers Bengaluru,"Sawai Mansingh Stadium, Jaipur",Jaipur,Royal Challengers Bengaluru,field,,PD Salt
1473466,2025,2025-04-13,Mumbai Indians,Delhi Capitals,Mumbai Indians,"Arun Jaitley Stadium, Delhi",Delhi,Delhi Capitals,field,,KV Sharma
1473467,2025,2025-04-14,Lucknow Super Giants,Chennai Super Kings,Chennai Super Kings,"Bharat Ratna Shri Atal Bihari Vajpayee Ekana Cricket Stadium, Lucknow",Lucknow,Chennai Super Kings,field,,MS Dhoni
1473468,2025,2025-04-15,Punjab Kings,Kolkata Knight Riders,Punjab Kings,"Maharaja Yadavindra Singh International Cricket Stadium, Mullanpur",Mohali,Punjab Kings,bat,,YS Chahal
1473469,2025,2025-04-16,Delhi Capitals,Rajasthan Royals,,"Arun Jaitley Stadium, Delhi",Delhi,Rajasthan Royals,field,tie,MA Starc
1473470,2025,2025-04-17,Sunrisers Hyderabad,Mumbai Indians,Mumbai Indians,"Wankhede Stadium, Mumbai",Mumbai,Mumbai Indians,field,,WG Jacks
1473471,2025,2025-04-18,Royal Challengers Bengaluru,Punjab Kings,Punjab Kings,"M Chinnaswamy Stadium, Bengaluru",Bengaluru,Punjab Kings,field,,TH David
1473472,2025,2025-04-19,Delhi Capitals,Gujarat Titans,Gujarat Titans,"Narendra Modi Stadium, Ahmedabad",Ahmedabad,Gujarat Titans,field,,JC Buttler
1473473,2025,2025-04-19,Lucknow Super Giants,Rajasthan Royals,Lucknow Super Giants,"Sawai Mansingh Stadium, Jaipur",Jaipur,Lucknow Super Giants,bat,,Avesh Khan
1473474,2025,2025-04-20,Punjab Kings,Royal Challengers Bengaluru,Royal Challengers Bengaluru,"Maharaja Yadavindra Singh International Cricket Stadium, Mullanpur",Mohali,Royal Challengers Bengaluru,field,,V Kohli
1473475,2025,2025-04-20,Chennai Super Kings,Mumbai Indians,Mumbai Indians,"Wankhede Stadium, Mumbai",Mumbai,Mumbai Indians,field,,RG Sharma
1473476,2025,2025-04-21,Gujarat Titans,Kolkata Knight Riders,Gujarat Titans,"Eden Gardens, Kolkata",Kolkata,Kolkata Knight Riders,field,,Shubman Gill
1473477,2025,2025-04-22,Lucknow Super Giants,Delhi Capitals,Delhi Capitals,"Bharat Ratna Shri Atal Bihari Vajpayee Ekana Cricket Stadium, Lucknow",Lucknow,Delhi Capitals,field,,Mukesh Kumar
1473478,2025,2025-04-23,Sunrisers Hyderabad,Mumbai Indians,Mumbai Indians,"Rajiv Gandhi International Stadium, Uppal, Hyderabad",Hyderabad,Mumbai Indians,field,,TA Boult
1473479,2025,2025-04-24,Royal Challengers Bengaluru,Rajasthan Royals,Royal Challengers Bengaluru,"M Chinnaswamy Stadium, Bengaluru",Bengaluru,Rajasthan Royals,field,,JR Hazlewood
1473480,2025,2025-04-25,Chennai Super Kings,Sunrisers Hyderabad,Sunrisers Hyderabad,"MA Chidambaram Stadium, Chepauk, Chennai",Chennai,Sunrisers Hyderabad,field,,HV Patel
1473481,2025,2025-04-26,Punjab Kings,Kolkata Knight Riders,,"Eden Gardens, Kolkata",Kolkata,Punjab Kings,bat,no result,
1473482,2025,2025-04-27,Mumbai Indians,Lucknow Super Giants,Mumbai Indians,"Wankhede Stadium, Mumbai",Mumbai,Lucknow Super Giants,field,,WG Jacks
1473483,2025,2025-04-27,Delhi Capitals,Royal Challengers Bengaluru,Royal Challengers Bengaluru,"Arun Jaitley Stadium, Delhi",Delhi,Royal Challengers Bengaluru,field,,KH Pandya
1473484,2025,2025-04-28,Gujarat Titans,Rajasthan Royals,Rajasthan Royals,"Sawai Mansingh Stadium, Jaipur",Jaipur,Rajasthan Royals,field,,V Suryavanshi
1473485,2025,2025-04-29,Kolkata Knight Riders,Delhi Capitals,Kolkata Knight Riders,"Arun Jaitley Stadium, Delhi",Delhi,Delhi Capitals,field,,SP Narine
1473486,2025,2025-04-30,Chennai Super Kings,Punjab Kings,Punjab Kings,"MA Chidambaram Stadium, Chepauk, Chennai",Chennai,Punjab Kings,field,,SS Iyer
1473487,2025,2025-05-01,Mumbai Indians,Rajasthan Royals,Mumbai Indians,"Sawai Mansingh Stadium, Jaipur",Jaipur,Rajasthan Royals,field,,RD Rickelton
1473488,2025,2025-05-02,Gujarat Titans,Sunrisers Hyderabad,Gujarat Titans,"Narendra Modi Stadium, Ahmedabad",Ahmedabad,Sunrisers Hyderabad,field,,M Prasidh Krishna
1473489,2025,2025-05-03,Royal Challengers Bengaluru,Chennai Super Kings,Royal Challengers Bengaluru,"M Chinnaswamy Stadium, Bengaluru",Bengaluru,Chennai Super Kings,field,,R Shepherd
1473490,2025,2025-05-04,Kolkata Knight Riders,Rajasthan Royals,Kolkata Knight Riders,"Eden Gardens, Kolkata",Kolkata,Kolkata Knight Riders,bat,,AD Russell
1473491,2025,2025-05-04,Punjab Kings,Lucknow Super Giants,Punjab Kings,"Himachal Pradesh Cricket Association Stadium, Dharamsala",Dharamsala,Lucknow Super Giants,field,,P Simran Singh
1473492,2025,2025-05-05,Delhi Capitals,Sunrisers Hyderabad,,"Rajiv Gandhi International Stadium, Uppal, Hyderabad",Hyderabad,Sunrisers Hyderabad,field,no result,
1473493,2025,2025-05-06,Mumbai Indians,Gujarat Titans,Gujarat Titans,"Wankhede Stadium, Mumbai",Mumbai,Gujarat Titans,field,,Shubman Gill
1473494,2025,2025-05-07,Kolkata Knight Riders,Chennai Super Kings,Chennai Super Kings,"Eden Gardens, Kolkata",Kolkata,Kolkata Knight Riders,bat,,Noor Ahmad
1473495,2025,2025-05-08,Punjab Kings,Delhi Capitals,,"Himachal Pradesh Cricket Association Stadium, Dharamsala",Dharamsala,Punjab Kings,bat,no result,
1473497,2025,2025-05-18,Punjab Kings,Rajasthan Royals,Punjab Kings,"Sawai Mansingh Stadium, Jaipur",Jaipur,Punjab Kings,bat,,Harpreet Brar
1473498,2025,2025-05-18,Delhi Capitals,Gujarat Titans,Gujarat Titans,"Arun Jaitley Stadium, Delhi",Delhi,Gujarat Titans,field,,B Sai Sudharsan
1473499,2025,2025-05-19,Lucknow Super Giants,Sunrisers Hyderabad,Sunrisers Hyderabad,"Bharat Ratna Shri Atal Bihari Vajpayee Ekana Cricket Stadium, Lucknow",Lucknow,Sunrisers Hyderabad,field,,Abhishek Sharma
1473500,2025,2025-05-20,Chennai Super Kings,Rajasthan Royals,Rajasthan Royals,"Arun Jaitley Stadium, Delhi",Delhi,Rajasthan Royals,field,,Akash Madhwal
1473501,2025,2025-05-21,Mumbai Indians,Delhi Capitals,Mumbai Indians,"Wankhede Stadium, Mumbai",Mumbai,Delhi Capitals,field,,SA Yadav
1473502,2025,2025-05-22,Lucknow Super Giants,Gujarat Titans,Lucknow Super Giants,"Narendra Modi Stadium, Ahmedabad",Ahmedabad,Gujarat Titans,field,,MR Marsh
1473503,2025,2025-05-23,Sunrisers Hyderabad,Royal Challengers Bengaluru,Sunrisers Hyderabad,"Bharat Ratna Shri Atal Bihari Vajpayee Ekana Cricket Stadium, Lucknow",Lucknow,Royal Challengers Bengaluru,field,,Ishan Kishan
1473504,2025,2025-05-25,Chennai Super Kings,Gujarat Titans,Chennai Super Kings,"Narendra Modi Stadium, Ahmedabad",Ahmedabad,Chennai Super Kings,bat,,D Brevis
1473505,2025,2025-05-25,Sunrisers Hyderabad,Kolkata Knight Riders,Sunrisers Hyderabad,"Arun Jaitley Stadium, Delhi",Delhi,Sunrisers Hyderabad,bat,,H Klaasen
1473506,2025,2025-05-26,Mumbai Indians,Punjab Kings,Punjab Kings,"Sawai Mansingh Stadium, Jaipur",Jaipur,Punjab Kings,field,,JP Inglis
1473507,2025,2025-05-27,Lucknow Super Giants,Royal Challengers Bengaluru,Royal Challengers Bengaluru,"Bharat Ratna Shri Atal Bihari Vajpayee Ekana Cricket Stadium, Lucknow",Lucknow,Royal Challengers Bengaluru,field,,JM Sharma
1473508,2025,2025-05-29,Punjab Kings,Royal Challengers Bengaluru,Royal Challengers Bengaluru,"Maharaja Yadavindra Singh International Cricket Stadium, Mullanpur",New Chandigarh,Royal Challengers Bengaluru,field,,Suyash Sharma
1473509,2025,2025-05-30,Mumbai Indians,Gujarat Titans,Mumbai Indians,"Maharaja Yadavindra Singh International Cricket Stadium, New Chandigarh",New Chandigarh,Mumbai Indians,bat,,RG Sharma
1473510,2025,2025-06-01,Mumbai Indians,Punjab Kings,Punjab Kings,"Narendra Modi Stadium, Ahmedabad",Ahmedabad,Punjab Kings,field,,SS Iyer
1473511,2025,2025-06-03,Royal Challengers Bengaluru,Punjab Kings,Royal Challengers Bengaluru,"Narendra Modi Stadium, Ahmedabad",Ahmedabad,Punjab Kings,field,,KH Pandya
1485779,2025,2025-05-24,Punjab Kings,Delhi Capitals,Delhi Capitals,"Sawai Mansingh Stadium, Jaipur",Jaipur,Delhi Capitals,field,,Sameer Rizvi
335982,2007/08,2008-04-18,Royal Challengers Bangalore,Kolkata Knight Riders,Kolkata Knight Riders,M Chinnaswamy Stadium,Bangalore,Royal Challengers Bangalore,field,,BB McCullum
335983,2007/08,2008-04-19,Kings XI Punjab,Chennai Super Kings,Chennai Super Kings,"Punjab Cricket Association Stadium, Mohali",Chandigarh,Chennai Super Kings,bat,,MEK Hussey
335984,2007/08,2008-04-19,Delhi Daredevils,Rajasthan Royals,Delhi Daredevils,Feroz Shah Kotla,Delhi,Rajasthan Royals,bat,,MF Maharoof
335985,2007/08,2008-04-20,Mumbai Indians,Royal Challengers Bangalore,Royal Challengers Bangalore,Wankhede Stadium,Mumbai,Mumbai Indians,bat,,MV Boucher
335986,2007/08,2008-04-20,Kolkata Knight Riders,Deccan Chargers,Kolkata Knight Riders,Eden Gardens,Kolkata,Deccan Chargers,bat,,DJ Hussey
335987,2007/08,2008-04-21,Rajasthan Royals,Kings XI Punjab,Rajasthan Royals,Sawai Mansingh Stadium,Jaipur,Kings XI Punjab,bat,,SR Watson
335988,2007/08,2008-04-22,Deccan Chargers,Delhi Daredevils,Delhi Daredevils,"Rajiv Gandhi International Stadium, Uppal",Hyderabad,Deccan Chargers,bat,,V Sehwag
335989,2007/08,2008-04-23,Chennai Super Kings,Mumbai Indians,Chennai Super Kings,"MA Chidambaram Stadium, Chepauk",Chennai,Mumbai Indians,field,,ML Hayden
335990,2007/08,2008-04-24,Deccan Chargers,Rajasthan Royals,Rajasthan Royals,"Rajiv Gandhi International Stadium, Uppal",Hyderabad,Rajasthan Royals,field,,YK Pathan
335991,2007/08,2008-04-25,Kings XI Punjab,Mumbai Indians,Kings XI Punjab,"Punjab Cricket Association Stadium, Mohali",Chandigarh,Mumbai Indians,field,,KC Sangakkara
335992,2007/08,2008-04-26,Royal Challengers Bangalore,Rajasthan Royals,Rajasthan Royals,M Chinnaswamy Stadium,Bangalore,Rajasthan Royals,field,,SR Watson
335993,2007/08,2008-04-26,Chennai Super Kings,Kolkata Knight Riders,Chennai Super Kings,"MA Chidambaram Stadium, Chepauk",Chennai,Kolkata Knight Riders,bat,,JDP Oram
335994,2007/08,2008-04-27,Mumbai Indians,Deccan Chargers,Deccan Chargers,Dr DY Patil Sports Academy,Mumbai,Deccan Chargers,field,,AC Gilchrist
335995,2007/08,2008-04-27,Kings XI Punjab,Delhi Daredevils,Kings XI Punjab,"Punjab Cricket Association Stadium, Mohali",Chandigarh,Delhi Daredevils,bat,,SM Katich
335996,2007/08,2008-04-28,Royal Challengers Bangalore,Chennai Super Kings,Chennai Super Kings,M Chinnaswamy Stadium,Bangalore,Chennai Super Kings,bat,,MS Dhoni
335997,2007/08,2008-04-29,Kolkata Knight Riders,Mumbai Indians,Mumbai Indians,Eden Gardens,Kolkata,Kolkata Knight Riders,bat,,ST Jayasuriya
335998,2007/08,2008-04-30,Delhi Daredevils,Royal Challengers Bangalore,Delhi Daredevils,Feroz Shah Kotla,Delhi,Royal Challengers Bangalore,field,,GD McGrath
335999,2007/08,2008-05-01,Deccan Chargers,Kings XI Punjab,Kings XI Punjab,"Rajiv Gandhi International Stadium, Uppal",Hyderabad,Kings XI Punjab,field,,SE Marsh
336000,2007/08,2008-05-01,Rajasthan Royals,Kolkata Knight Riders,Rajasthan Royals,Sawai Mansingh Stadium,Jaipur,Rajasthan Royals,bat,,SA Asnodkar
336001,2007/08,2008-05-02,Chennai Super Kings,Delhi Daredevils,Delhi Daredevils,"MA Chidambaram Stadium, Chepauk",Chennai,Chennai Super Kings,bat,,V Sehwag
336002,2007/08,2008-05-25,Deccan Chargers,Royal Challengers Bangalore,Royal Challengers Bangalore,"Rajiv Gandhi International Stadium, Uppal",Hyderabad,Deccan Chargers,bat,,R Vinay Kumar
336003,2007/08,2008-05-03,Kings XI Punjab,Kolkata Knight Riders,Kings XI Punjab,"Punjab Cricket Association Stadium, Mohali",Chandigarh,Kings XI Punjab,bat,,IK Pathan
336004,2007/08,2008-05-04,Mumbai Indians,Delhi Daredevils,Mumbai Indians,Dr DY Patil Sports Academy,Mumbai,Delhi Daredevils,field,,SM Pollock
336005,2007/08,2008-05-04,Rajasthan Royals,Chennai Super Kings,Rajasthan Royals,Sawai Mansingh Stadium,Jaipur,Chennai Super Kings,bat,,Sohail Tanvir
336006,2007/08,2008-05-05,Royal Challengers Bangalore,Kings XI Punjab,Kings XI Punjab,M Chinnaswamy Stadium,Bangalore,Kings XI Punjab,field,,S Sreesanth
336007,2007/08,2008-05-06,Chennai Super Kings,Deccan Chargers,Deccan Chargers,"MA Chidambaram Stadium, Chepauk",Chennai,Deccan Chargers,field,,AC Gilchrist
336008,2007/08,2008-05-07,Mumbai Indians,Rajasthan Royals,Mumbai Indians,Dr DY Patil Sports Academy,Mumbai,Mumbai Indians,field,,A Nehra
336009,2007/08,2008-05-08,Delhi Daredevils,Chennai Super Kings,Chennai Super Kings,Feroz Shah Kotla,Delhi,Chennai Super Kings,field,,MS Dhoni
336010,2007/08,2008-05-08,Kolkata Knight Riders,Royal Challengers Bangalore,Kolkata Knight Riders,Eden Gardens,Kolkata,Kolkata Knight Riders,bat,,SC Ganguly
336011,2007/08,2008-05-09,Rajasthan Royals,Deccan Chargers,Rajasthan Royals,Sawai Mansingh Stadium,Jaipur,Rajasthan Royals,field,,YK Pathan
336012,2007/08,2008-05-28,Royal Challengers Bangalore,Mumbai Indians,Mumbai Indians,M Chinnaswamy Stadium,Bangalore,Mumbai Indians,field,,CRD Fernando
336013,2007/08,2008-05-10,Chennai Super Kings,Kings XI Punjab,Chennai Super Kings,"MA Chidambaram Stadium, Chepauk",Chennai,Kings XI Punjab,field,,L Balaji
336014,2007/08,2008-05-11,Deccan Chargers,Kolkata Knight Riders,Kolkata Knight Riders,"Rajiv Gandhi International Stadium, Uppal",Hyderabad,Kolkata Knight Riders,bat,,SC Ganguly
336015,2007/08,2008-05-11,Rajasthan Royals,Delhi Daredevils,Rajasthan Royals,Sawai Mansingh Stadium,Jaipur,Rajasthan Royals,field,,SR Watson
336016,2007/08,2008-05-12,Kings XI Punjab,Royal Challengers Bangalore,Kings XI Punjab,"Punjab Cricket Association Stadium, Mohali",Chandigarh,Royal Challengers Bangalore,bat,,SE Marsh
336017,2007/08,2008-05-13,Kolkata Knight Riders,Delhi Daredevils,Kolkata Knight Riders,Eden Gardens,Kolkata,Kolkata Knight Riders,bat,,Shoaib Akhtar
336018,2007/08,2008-05-14,Mumbai Indians,Chennai Super Kings,Mumbai Indians,Wankhede Stadium,Mumbai,Mumbai Indians,field,,ST Jayasuriya
336019,2007/08,2008-05-28,Kings XI Punjab,Rajasthan Royals,Kings XI Punjab,"Punjab Cricket Association Stadium, Mohali",Chandigarh,Rajasthan Royals,field,,SE Marsh
336020,2007/08,2008-05-15,Delhi Daredevils,Deccan Chargers,Delhi Daredevils,Feroz Shah Kotla,Delhi,Deccan Chargers,field,,A Mishra
336021,2007/08,2008-05-16,Mumbai Indians,Kolkata Knight Riders,Mumbai Indians,Wankhede Stadium,Mumbai,Mumbai Indians,field,,SM Pollock
336022,2007/08,2008-05-17,Delhi Daredevils,Kings XI Punjab,Kings XI Punjab,Feroz Shah Kotla,Delhi,Delhi Daredevils,bat,,DPMD Jayawardene
336023,2007/08,2008-05-17,Rajasthan Royals,Royal Challengers Bangalore,Rajasthan Royals,Sawai Mansingh Stadium,Jaipur,Royal Challengers Bangalore,field,,GC Smith
336024,2007/08,2008-05-18,Deccan Chargers,Mumbai Indians,Mumbai Indians,"Rajiv Gandhi International Stadium, Uppal",Hyderabad,Deccan Chargers,field,,DJ Bravo
336025,2007/08,2008-05-18,Kolkata Knight Riders,Chennai Super Kings,Chennai Super Kings,Eden Gardens,Kolkata,Kolkata Knight Riders,bat,,M Ntini
336026,2007/08,2008-05-19,Royal Challengers Bangalore,Delhi Daredevils,Delhi Daredevils,M Chinnaswamy Stadium,Bangalore,Delhi Daredevils,field,,SP Goswami
336027,2007/08,2008-05-20,Kolkata Knight Riders,Rajasthan Royals,Rajasthan Royals,Eden Gardens,Kolkata,Rajasthan Royals,field,,YK Pathan
336028,2007/08,2008-05-21,Mumbai Indians,Kings XI Punjab,Kings XI Punjab,Wankhede Stadium,Mumbai,Mumbai Indians,field,,SE Marsh
336029,2007/08,2008-05-21,Chennai Super Kings,Royal Challengers Bangalore,Royal Challengers Bangalore,"MA Chidambaram Stadium, Chepauk",Chennai,Royal Challengers Bangalore,bat,,A Kumble
336031,2007/08,2008-05-23,Kings XI Punjab,Deccan Chargers,Kings XI Punjab,"Punjab Cricket Association Stadium, Mohali",Chandigarh,Kings XI Punjab,field,,SE Marsh
336032,2007/08,2008-05-24,Delhi Daredevils,Mumbai Indians,Delhi Daredevils,Feroz Shah Kotla,Delhi,Delhi Daredevils,field,,KD Karthik
336033,2007/08,2008-05-24,Chennai Super Kings,Rajasthan Royals,Rajasthan Royals,"MA Chidambaram Stadium, Chepauk",Chennai,Rajasthan Royals,bat,,JA Morkel
336034,2007/08,2008-05-03,Royal Challengers Bangalore,Deccan Chargers,Royal Challengers Bangalore,M Chinnaswamy Stadium,Bangalore,Deccan Chargers,field,,P Kumar
336035,2007/08,2008-05-25,Kolkata Knight Riders,Kings XI Punjab,Kolkata Knight Riders,Eden Gardens,Kolkata,Kings XI Punjab,bat,,Umar Gul
336036,2007/08,2008-05-26,Rajasthan Royals,Mumbai Indians,Rajasthan Royals,Sawai Mansingh Stadium,Jaipur,Rajasthan Royals,field,,Sohail Tanvir
336037,2007/08,2008-05-27,Deccan Chargers,Chennai Super Kings,Chennai Super Kings,"Rajiv Gandhi International Stadium, Uppal",Hyderabad,Deccan Chargers,bat,,SK Raina
336038,2007/08,2008-05-30,Delhi Daredevils,Rajasthan Royals,Rajasthan Royals,Wankhede Stadium,Mumbai,Delhi Daredevils,field,,SR Watson
336039,2007/08,2008-05-31,Chennai Super Kings,Kings XI Punjab,Chennai Super Kings,Wankhede Stadium,Mumbai,Kings XI Punjab,bat,,M Ntini
336040,2007/08,2008-06-01,Chennai Super Kings,Rajasthan Royals,Rajasthan Royals,Dr DY Patil Sports Academy,Mumbai,Rajasthan Royals,field,,YK Pathan
392181,2009,2009-04-18,Chennai Super Kings,Mumbai Indians,Mumbai Indians,Newlands,Cape Town,Chennai Super Kings,field,,SR Tendulkar
392182,2009,2009-04-18,Royal Challengers Bangalore,Rajasthan Royals,Royal Challengers Bangalore,Newlands,Cape Town,Royal Challengers Bangalore,bat,,R Dravid
392183,2009,2009-04-19,Delhi Daredevils,Kings XI Punjab,Delhi Daredevils,Newlands,Cape Town,Delhi Daredevils,field,,DL Vettori
392184,2009,2009-04-19,Deccan Chargers,Kolkata Knight Riders,Deccan Chargers,Newlands,Cape Town,Kolkata Knight Riders,bat,,RP Singh
392185,2009,2009-04-20,Royal Challengers Bangalore,Chennai Super Kings,Chennai Super Kings,St George's Park,Port Elizabeth,Chennai Super Kings,bat,,M Muralitharan
392186,2009,2009-04-21,Kings XI Punjab,Kolkata Knight Riders,Kolkata Knight Riders,Kingsmead,Durban,Kolkata Knight Riders,field,,CH Gayle
392188,2009,2009-04-22,Royal Challengers Bangalore,Deccan Chargers,Deccan Chargers,Newlands,Cape Town,Deccan Chargers,bat,,AC Gilchrist
392189,2009,2009-04-23,Chennai Super Kings,Delhi Daredevils,Delhi Daredevils,Kingsmead,Durban,Delhi Daredevils,bat,,AB de Villiers
392190,2009,2009-04-23,Kolkata Knight Riders,Rajasthan Royals,,Newlands,Cape Town,Kolkata Knight Riders,field,tie,YK Pathan
392191,2009,2009-04-24,Royal Challengers Bangalore,Kings XI Punjab,Kings XI Punjab,Kingsmead,Durban,Royal Challengers Bangalore,bat,,RS Bopara
392192,2009,2009-04-25,Deccan Chargers,Mumbai Indians,Deccan Chargers,Kingsmead,Durban,Deccan Chargers,bat,,PP Ojha
392194,2009,2009-04-26,Royal Challengers Bangalore,Delhi Daredevils,Delhi Daredevils,St George's Park,Port Elizabeth,Royal Challengers Bangalore,bat,,TM Dilshan
392195,2009,2009-04-26,Kings XI Punjab,Rajasthan Royals,Kings XI Punjab,Newlands,Cape Town,Kings XI Punjab,bat,,KC Sangakkara
392196,2009,2009-04-27,Chennai Super Kings,Deccan Chargers,Deccan Chargers,Kingsmead,Durban,Deccan Chargers,field,,HH Gibbs
392197,2009,2009-04-27,Kolkata Knight Riders,Mumbai Indians,Mumbai Indians,St George's Park,Port Elizabeth,Mumbai Indians,bat,,SR Tendulkar
392198,2009,2009-04-28,Delhi Daredevils,Rajasthan Royals,Rajasthan Royals,SuperSport Park,Centurion,Delhi Daredevils,bat,,YK Pathan
392199,2009,2009-04-29,Royal Challengers Bangalore,Kolkata Knight Riders,Royal Challengers Bangalore,Kingsmead,Durban,Kolkata Knight Riders,bat,,MV Boucher
392200,2009,2009-04-29,Kings XI Punjab,Mumbai Indians,Kings XI Punjab,Kingsmead,Durban,Kings XI Punjab,bat,,KC Sangakkara
392201,2009,2009-04-30,Deccan Chargers,Delhi Daredevils,Delhi Daredevils,SuperSport Park,Centurion,Delhi Daredevils,field,,DP Nannes
392202,2009,2009-04-30,Chennai Super Kings,Rajasthan Royals,Chennai Super Kings,SuperSport Park,Centurion,Rajasthan Royals,field,,SK Raina
392203,2009,2009-05-01,Kolkata Knight Riders,Mumbai Indians,Mumbai Indians,Buffalo Park,East London,Mumbai Indians,bat,,JP Duminy
392204,2009,2009-05-01,Royal Challengers Bangalore,Kings XI Punjab,Royal Challengers Bangalore,Kingsmead,Durban,Royal Challengers Bangalore,bat,,Yuvraj Singh
392205,2009,2009-05-02,Deccan Chargers,Rajasthan Royals,Rajasthan Royals,St George's Park,Port Elizabeth,Deccan Chargers,bat,,YK Pathan
392206,2009,2009-05-02,Chennai Super Kings,Delhi Daredevils,Chennai Super Kings,New Wanderers Stadium,Johannesburg,Delhi Daredevils,field,,SB Jakati
392207,2009,2009-05-03,Kings XI Punjab,Kolkata Knight Riders,Kings XI Punjab,St George's Park,Port Elizabeth,Kolkata Knight Riders,bat,,DPMD Jayawardene
392208,2009,2009-05-03,Royal Challengers Bangalore,Mumbai Indians,Royal Challengers Bangalore,New Wanderers Stadium,Johannesburg,Mumbai Indians,bat,,JH Kallis
392209,2009,2009-05-04,Chennai Super Kings,Deccan Chargers,Chennai Super Kings,Buffalo Park,East London,Chennai Super Kings,bat,,MS Dhoni
392210,2009,2009-05-05,Kings XI Punjab,Rajasthan Royals,Rajasthan Royals,Kingsmead,Durban,Kings XI Punjab,field,,GC Smith
392211,2009,2009-05-05,Delhi Daredevils,Kolkata Knight Riders,Delhi Daredevils,Kingsmead,Durban,Kolkata Knight Riders,bat,,G Gambhir
392212,2009,2009-05-06,Deccan Chargers,Mumbai Indians,Deccan Chargers,SuperSport Park,Centurion,Deccan Chargers,bat,,RG Sharma
392213,2009,2009-05-07,Royal Challengers Bangalore,Rajasthan Royals,Rajasthan Royals,SuperSport Park,Centurion,Rajasthan Royals,field,,A Singh
392214,2009,2009-05-07,Chennai Super Kings,Kings XI Punjab,Chennai Super Kings,SuperSport Park,Centurion,Chennai Super Kings,bat,,ML Hayden
392215,2009,2009-05-08,Delhi Daredevils,Mumbai Indians,Delhi Daredevils,Buffalo Park,East London,Mumbai Indians,bat,,A Nehra
392216,2009,2009-05-09,Deccan Chargers,Kings XI Punjab,Kings XI Punjab,De Beers Diamond Oval,Kimberley,Kings XI Punjab,field,,DPMD Jayawardene
392217,2009,2009-05-09,Chennai Super Kings,Rajasthan Royals,Chennai Super Kings,De Beers Diamond Oval,Kimberley,Rajasthan Royals,bat,,S Badrinath
392218,2009,2009-05-10,Royal Challengers Bangalore,Mumbai Indians,Mumbai Indians,St George's Park,Port Elizabeth,Mumbai Indians,bat,,JP Duminy
392219,2009,2009-05-10,Delhi Daredevils,Kolkata Knight Riders,Delhi Daredevils,New Wanderers Stadium,Johannesburg,Delhi Daredevils,field,,A Mishra
392220,2009,2009-05-11,Deccan Chargers,Rajasthan Royals,Deccan Chargers,De Beers Diamond Oval,Kimberley,Deccan Chargers,bat,,DR Smith
392221,2009,2009-05-12,Royal Challengers Bangalore,Kolkata Knight Riders,Royal Challengers Bangalore,SuperSport Park,Centurion,Royal Challengers Bangalore,field,,LRPL Taylor
392222,2009,2009-05-12,Kings XI Punjab,Mumbai Indians,Mumbai Indians,SuperSport Park,Centurion,Kings XI Punjab,bat,,Harbhajan Singh
392223,2009,2009-05-13,Deccan Chargers,Delhi Daredevils,Delhi Daredevils,Kingsmead,Durban,Deccan Chargers,field,,R Bhatia
392224,2009,2009-05-14,Royal Challengers Bangalore,Chennai Super Kings,Royal Challengers Bangalore,Kingsmead,Durban,Chennai Super Kings,bat,,LRPL Taylor
392225,2009,2009-05-14,Mumbai Indians,Rajasthan Royals,Rajasthan Royals,Kingsmead,Durban,Rajasthan Royals,bat,,SK Warne
392226,2009,2009-05-15,Delhi Daredevils,Kings XI Punjab,Kings XI Punjab,OUTsurance Oval,Bloemfontein,Kings XI Punjab,field,,B Lee
392227,2009,2009-05-16,Chennai Super Kings,Mumbai Indians,Chennai Super Kings,St George's Park,Port Elizabeth,Mumbai Indians,bat,,ML Hayden
392228,2009,2009-05-16,Deccan Chargers,Kolkata Knight Riders,Deccan Chargers,New Wanderers Stadium,Johannesburg,Deccan Chargers,field,,RG Sharma
392229,2009,2009-05-17,Deccan Chargers,Kings XI Punjab,Kings XI Punjab,New Wanderers Stadium,Johannesburg,Deccan Chargers,field,,Yuvraj Singh
392230,2009,2009-05-17,Delhi Daredevils,Rajasthan Royals,Delhi Daredevils,OUTsurance Oval,Bloemfontein,Delhi Daredevils,bat,,AB de Villiers
392231,2009,2009-05-18,Chennai Super Kings,Kolkata Knight Riders,Kolkata Knight Riders,SuperSport Park,Centurion,Chennai Super Kings,bat,,BJ Hodge
392232,2009,2009-05-19,Royal Challengers Bangalore,Delhi Daredevils,Royal Challengers Bangalore,New Wanderers Stadium,Johannesburg,Delhi Daredevils,bat,,JH Kallis
392233,2009,2009-05-20,Kolkata Knight Riders,Rajasthan Royals,Kolkata Knight Riders,Kingsmead,Durban,Kolkata Knight Riders,field,,LR Shukla
392234,2009,2009-05-20,Chennai Super Kings,Kings XI Punjab,Chennai Super Kings,Kingsmead,Durban,Chennai Super Kings,bat,,M Muralitharan
392235,2009,2009-05-21,Delhi Daredevils,Mumbai Indians,Delhi Daredevils,SuperSport Park,Centurion,Delhi Daredevils,field,,V Sehwag
392236,2009,2009-05-21,Royal Challengers Bangalore,Deccan Chargers,Royal Challengers Bangalore,SuperSport Park,Centurion,Royal Challengers Bangalore,bat,,MK Pandey
392237,2009,2009-05-22,Delhi Daredevils,Deccan Chargers,Deccan Chargers,SuperSport Park,Centurion,Deccan Chargers,field,,AC Gilchrist
392238,2009,2009-05-23,Royal Challengers Bangalore,Chennai Super Kings,Royal Challengers Bangalore,New Wanderers Stadium,Johannesburg,Royal Challengers Bangalore,field,,MK Pandey
392239,2009,2009-05-24,Royal Challengers Bangalore,Deccan Chargers,Deccan Chargers,New Wanderers Stadium,Johannesburg,Royal Challengers Bangalore,field,,A Kumble
419106,2009/10,2010-03-12,Deccan Chargers,Kolkata Knight Riders,Kolkata Knight Riders,Dr DY Patil Sports Academy,Mumbai,Deccan Chargers,field,,AD Mathews
419107,2009/10,2010-03-13,Mumbai Indians,Rajasthan Royals,Mumbai Indians,Brabourne Stadium,Mumbai,Mumbai Indians,bat,,YK Pathan
419108,2009/10,2010-03-13,Kings XI Punjab,Delhi Daredevils,Delhi Daredevils,"Punjab Cricket Association Stadium, Mohali",Chandigarh,Delhi Daredevils,field,,G Gambhir
419109,2009/10,2010-03-14,Kolkata Knight Riders,Royal Challengers Bangalore,Kolkata Knight Riders,Eden Gardens,Kolkata,Kolkata Knight Riders,field,,MK Tiwary
419110,2009/10,2010-03-14,Chennai Super Kings,Deccan Chargers,Deccan Chargers,"MA Chidambaram Stadium, Chepauk",Chennai,Deccan Chargers,bat,,WPUJC Vaas
419111,2009/10,2010-03-15,Rajasthan Royals,Delhi Daredevils,Delhi Daredevils,"Sardar Patel Stadium, Motera",Ahmedabad,Delhi Daredevils,field,,V Sehwag
419112,2009/10,2010-03-16,Royal Challengers Bangalore,Kings XI Punjab,Royal Challengers Bangalore,M Chinnaswamy Stadium,Bangalore,Kings XI Punjab,bat,,JH Kallis
419113,2009/10,2010-03-16,Kolkata Knight Riders,Chennai Super Kings,Chennai Super Kings,Eden Gardens,Kolkata,Chennai Super Kings,bat,,MS Dhoni
419114,2009/10,2010-03-17,Delhi Daredevils,Mumbai Indians,Mumbai Indians,Feroz Shah Kotla,Delhi,Delhi Daredevils,field,,SR Tendulkar
419115,2009/10,2010-03-18,Royal Challengers Bangalore,Rajasthan Royals,Royal Challengers Bangalore,M Chinnaswamy Stadium,Bangalore,Royal Challengers Bangalore,field,,JH Kallis
419116,2009/10,2010-03-19,Delhi Daredevils,Chennai Super Kings,Chennai Super Kings,Feroz Shah Kotla,Delhi,Delhi Daredevils,bat,,ML Hayden
419117,2009/10,2010-03-19,Deccan Chargers,Kings XI Punjab,Deccan Chargers,Barabati Stadium,Cuttack,Kings XI Punjab,field,,A Symonds
419118,2009/10,2010-03-20,Rajasthan Royals,Kolkata Knight Riders,Rajasthan Royals,"Sardar Patel Stadium, Motera",Ahmedabad,Rajasthan Royals,bat,,AA Jhunjhunwala
419119,2009/10,2010-03-20,Mumbai Indians,Royal Challengers Bangalore,Royal Challengers Bangalore,Brabourne Stadium,Mumbai,Mumbai Indians,bat,,JH Kallis
419120,2009/10,2010-03-21,Deccan Chargers,Delhi Daredevils,Deccan Chargers,Barabati Stadium,Cuttack,Deccan Chargers,bat,,A Symonds
419121,2009/10,2010-03-21,Chennai Super Kings,Kings XI Punjab,,"MA Chidambaram Stadium, Chepauk",Chennai,Chennai Super Kings,field,tie,J Theron
419122,2009/10,2010-03-22,Mumbai Indians,Kolkata Knight Riders,Mumbai Indians,Brabourne Stadium,Mumbai,Kolkata Knight Riders,bat,,SR Tendulkar
419123,2009/10,2010-03-23,Royal Challengers Bangalore,Chennai Super Kings,Royal Challengers Bangalore,M Chinnaswamy Stadium,Bangalore,Chennai Super Kings,field,,RV Uthappa
419124,2009/10,2010-03-24,Kings XI Punjab,Rajasthan Royals,Rajasthan Royals,"Punjab Cricket Association Stadium, Mohali",Chandigarh,Kings XI Punjab,field,,AC Voges
419125,2009/10,2010-03-25,Chennai Super Kings,Mumbai Indians,Mumbai Indians,"Brabourne Stadium, Mumbai",Mumbai,Mumbai Indians,field,,SR Tendulkar
419126,2009/10,2010-03-26,Rajasthan Royals,Deccan Chargers,Rajasthan Royals,"Sardar Patel Stadium, Motera",Ahmedabad,Deccan Chargers,bat,,YK Pathan
419127,2009/10,2010-03-27,Kings XI Punjab,Kolkata Knight Riders,Kolkata Knight Riders,"Punjab Cricket Association Stadium, Mohali",Chandigarh,Kolkata Knight Riders,bat,,MK Tiwary
419128,2009/10,2010-03-25,Royal Challengers Bangalore,Delhi Daredevils,Delhi Daredevils,M Chinnaswamy Stadium,Bangalore,Royal Challengers Bangalore,field,,KM Jadhav
419129,2009/10,2010-03-28,Rajasthan Royals,Chennai Super Kings,Rajasthan Royals,"Sardar Patel Stadium, Motera",Ahmedabad,Rajasthan Royals,bat,,NV Ojha
419130,2009/10,2010-03-28,Deccan Chargers,Mumbai Indians,Mumbai Indians,Dr DY Patil Sports Academy,Mumbai,Deccan Chargers,field,,Harbhajan Singh
419131,2009/10,2010-03-29,Delhi Daredevils,Kolkata Knight Riders,Delhi Daredevils,Feroz Shah Kotla,Delhi,Delhi Daredevils,bat,,DA Warner
419132,2009/10,2010-03-30,Mumbai Indians,Kings XI Punjab,Mumbai Indians,Brabourne Stadium,Mumbai,Mumbai Indians,field,,SL Malinga
419133,2009/10,2010-03-31,Chennai Super Kings,Royal Challengers Bangalore,Chennai Super Kings,"MA Chidambaram Stadium, Chepauk",Chennai,Royal Challengers Bangalore,bat,,M Vijay
419134,2009/10,2010-03-31,Delhi Daredevils,Rajasthan Royals,Delhi Daredevils,Feroz Shah Kotla,Delhi,Delhi Daredevils,bat,,KD Karthik
419135,2009/10,2010-04-01,Kolkata Knight Riders,Deccan Chargers,Kolkata Knight Riders,Eden Gardens,Kolkata,Kolkata Knight Riders,bat,,SC Ganguly
419136,2009/10,2010-04-02,Kings XI Punjab,Royal Challengers Bangalore,Royal Challengers Bangalore,"Punjab Cricket Association Stadium, Mohali",Chandigarh,Kings XI Punjab,bat,,KP Pietersen
419137,2009/10,2010-04-03,Chennai Super Kings,Rajasthan Royals,Chennai Super Kings,"MA Chidambaram Stadium, Chepauk",Chennai,Chennai Super Kings,bat,,M Vijay
419138,2009/10,2010-04-03,Mumbai Indians,Deccan Chargers,Mumbai Indians,Brabourne Stadium,Mumbai,Mumbai Indians,bat,,AT Rayudu
419139,2009/10,2010-04-04,Kolkata Knight Riders,Kings XI Punjab,Kings XI Punjab,Eden Gardens,Kolkata,Kolkata Knight Riders,bat,,DPMD Jayawardene
419140,2009/10,2010-04-04,Delhi Daredevils,Royal Challengers Bangalore,Delhi Daredevils,Feroz Shah Kotla,Delhi,Delhi Daredevils,bat,,PD Collingwood
419141,2009/10,2010-04-05,Deccan Chargers,Rajasthan Royals,Rajasthan Royals,"Vidarbha Cricket Association Stadium, Jamtha",Nagpur,Rajasthan Royals,bat,,SK Warne
419142,2009/10,2010-04-06,Chennai Super Kings,Mumbai Indians,Chennai Super Kings,"MA Chidambaram Stadium, Chepauk",Chennai,Chennai Super Kings,bat,,SK Raina
419143,2009/10,2010-04-07,Rajasthan Royals,Kings XI Punjab,Rajasthan Royals,Sawai Mansingh Stadium,Jaipur,Kings XI Punjab,bat,,MJ Lumb
419144,2009/10,2010-04-07,Kolkata Knight Riders,Delhi Daredevils,Kolkata Knight Riders,Eden Gardens,Kolkata,Kolkata Knight Riders,bat,,SC Ganguly
419145,2009/10,2010-04-08,Royal Challengers Bangalore,Deccan Chargers,Deccan Chargers,M Chinnaswamy Stadium,Bangalore,Deccan Chargers,field,,TL Suman
419146,2009/10,2010-04-09,Kings XI Punjab,Mumbai Indians,Kings XI Punjab,"Punjab Cricket Association Stadium, Mohali",Chandigarh,Mumbai Indians,bat,,KC Sangakkara
419147,2009/10,2010-04-10,Deccan Chargers,Chennai Super Kings,Deccan Chargers,"Vidarbha Cricket Association Stadium, Jamtha",Nagpur,Chennai Super Kings,bat,,RJ Harris
419148,2009/10,2010-04-10,Royal Challengers Bangalore,Kolkata Knight Riders,Royal Challengers Bangalore,M Chinnaswamy Stadium,Bangalore,Royal Challengers Bangalore,field,,R Vinay Kumar
419149,2009/10,2010-04-11,Delhi Daredevils,Kings XI Punjab,Kings XI Punjab,Feroz Shah Kotla,Delhi,Delhi Daredevils,bat,,PP Chawla
419150,2009/10,2010-04-11,Rajasthan Royals,Mumbai Indians,Mumbai Indians,Sawai Mansingh Stadium,Jaipur,Rajasthan Royals,field,,SR Tendulkar
419151,2009/10,2010-04-12,Deccan Chargers,Royal Challengers Bangalore,Deccan Chargers,"Vidarbha Cricket Association Stadium, Jamtha",Nagpur,Royal Challengers Bangalore,field,,Harmeet Singh
419152,2009/10,2010-04-13,Mumbai Indians,Delhi Daredevils,Mumbai Indians,Brabourne Stadium,Mumbai,Mumbai Indians,bat,,KA Pollard
419153,2009/10,2010-04-13,Chennai Super Kings,Kolkata Knight Riders,Chennai Super Kings,"MA Chidambaram Stadium, Chepauk",Chennai,Kolkata Knight Riders,bat,,R Ashwin
419154,2009/10,2010-04-14,Rajasthan Royals,Royal Challengers Bangalore,Royal Challengers Bangalore,Sawai Mansingh Stadium,Jaipur,Rajasthan Royals,bat,,KP Pietersen
419155,2009/10,2010-04-15,Chennai Super Kings,Delhi Daredevils,Delhi Daredevils,"MA Chidambaram Stadium, Chepauk",Chennai,Chennai Super Kings,bat,,G Gambhir
419156,2009/10,2010-04-16,Kings XI Punjab,Deccan Chargers,Deccan Chargers,Himachal Pradesh Cricket Association Stadium,Dharamsala,Deccan Chargers,field,,RG Sharma
419157,2009/10,2010-04-17,Royal Challengers Bangalore,Mumbai Indians,Mumbai Indians,M Chinnaswamy Stadium,Bangalore,Royal Challengers Bangalore,field,,R McLaren
419158,2009/10,2010-04-17,Kolkata Knight Riders,Rajasthan Royals,Kolkata Knight Riders,Eden Gardens,Kolkata,Rajasthan Royals,bat,,JD Unadkat
419159,2009/10,2010-04-18,Kings XI Punjab,Chennai Super Kings,Chennai Super Kings,Himachal Pradesh Cricket Association Stadium,Dharamsala,Chennai Super Kings,field,,MS Dhoni
419160,2009/10,2010-04-18,Delhi Daredevils,Deccan Chargers,Deccan Chargers,Feroz Shah Kotla,Delhi,Deccan Chargers,bat,,A Symonds
419161,2009/10,2010-04-19,Kolkata Knight Riders,Mumbai Indians,Kolkata Knight Riders,Eden Gardens,Kolkata,Mumbai Indians,bat,,M Kartik
419162,2009/10,2010-04-21,Royal Challengers Bangalore,Mumbai Indians,Mumbai Indians,Dr DY Patil Sports Academy,Mumbai,Mumbai Indians,bat,,KA Pollard
419163,2009/10,2010-04-22,Chennai Super Kings,Deccan Chargers,Chennai Super Kings,Dr DY Patil Sports Academy,Mumbai,Chennai Super Kings,bat,,DE Bollinger
419164,2009/10,2010-04-24,Royal Challengers Bangalore,Deccan Chargers,Royal Challengers Bangalore,Dr DY Patil Sports Academy,Mumbai,Deccan Chargers,bat,,A Kumble
419165,2009/10,2010-04-25,Chennai Super Kings,Mumbai Indians,Chennai Super Kings,Dr DY Patil Sports Academy,Mumbai,Chennai Super Kings,bat,,SK Raina
501198,2011,2011-04-08,Chennai Super Kings,Kolkata Knight Riders,Chennai Super Kings,"MA Chidambaram Stadium, Chepauk",Chennai,Chennai Super Kings,bat,,S Anirudha
501199,2011,2011-04-09,Deccan Chargers,Rajasthan Royals,Rajasthan Royals,"Rajiv Gandhi International Stadium, Uppal",Hyderabad,Rajasthan Royals,field,,SK Trivedi
501200,2011,2011-04-09,Kochi Tuskers Kerala,Royal Challengers Bangalore,Royal Challengers Bangalore,Nehru Stadium,Kochi,Kochi Tuskers Kerala,bat,,AB de Villiers
501201,2011,2011-04-10,Delhi Daredevils,Mumbai Indians,Mumbai Indians,Feroz Shah Kotla,Delhi,Delhi Daredevils,bat,,SL Malinga
501202,2011,2011-04-10,Pune Warriors,Kings XI Punjab,Pune Warriors,Dr DY Patil Sports Academy,Mumbai,Kings XI Punjab,bat,,SB Wagh
501203,2011,2011-04-11,Kolkata Knight Riders,Deccan Chargers,Kolkata Knight Riders,Eden Gardens,Kolkata,Kolkata Knight Riders,bat,,JH Kallis
501204,2011,2011-04-12,Rajasthan Royals,Delhi Daredevils,Rajasthan Royals,Sawai Mansingh Stadium,Jaipur,Delhi Daredevils,bat,,SK Warne
501205,2011,2011-04-12,Royal Challengers Bangalore,Mumbai Indians,Mumbai Indians,M Chinnaswamy Stadium,Bangalore,Mumbai Indians,field,,SR Tendulkar
501206,2011,2011-04-13,Kings XI Punjab,Chennai Super Kings,Kings XI Punjab,"Punjab Cricket Association Stadium, Mohali",Chandigarh,Kings XI Punjab,field,,PC Valthaty
501207,2011,2011-04-13,Pune Warriors,Kochi Tuskers Kerala,Pune Warriors,Dr DY Patil Sports Academy,Mumbai,Kochi Tuskers Kerala,bat,,MD Mishra
501208,2011,2011-04-14,Deccan Chargers,Royal Challengers Bangalore,Deccan Chargers,"Rajiv Gandhi International Stadium, Uppal",Hyderabad,Royal Challengers Bangalore,field,,DW Steyn
501209,2011,2011-04-15,Rajasthan Royals,Kolkata Knight Riders,Kolkata Knight Riders,Sawai Mansingh Stadium,Jaipur,Kolkata Knight Riders,field,,G Gambhir
501210,2011,2011-04-15,Mumbai Indians,Kochi Tuskers Kerala,Kochi Tuskers Kerala,Wankhede Stadium,Mumbai,Kochi Tuskers Kerala,field,,BB McCullum
501211,2011,2011-04-16,Chennai Super Kings,Royal Challengers Bangalore,Chennai Super Kings,"MA Chidambaram Stadium, Chepauk",Chennai,Chennai Super Kings,bat,,MEK Hussey
501212,2011,2011-04-16,Deccan Chargers,Kings XI Punjab,Kings XI Punjab,"Rajiv Gandhi International Stadium, Uppal",Hyderabad,Kings XI Punjab,field,,PC Valthaty
501213,2011,2011-04-17,Pune Warriors,Delhi Daredevils,Delhi Daredevils,Dr DY Patil Sports Academy,Mumbai,Delhi Daredevils,field,,Yuvraj Singh
501214,2011,2011-04-17,Kolkata Knight Riders,Rajasthan Royals,Kolkata Knight Riders,Eden Gardens,Kolkata,Kolkata Knight Riders,field,,L Balaji
501215,2011,2011-04-18,Kochi Tuskers Kerala,Chennai Super Kings,Kochi Tuskers Kerala,Nehru Stadium,Kochi,Kochi Tuskers Kerala,field,,BB McCullum
501216,2011,2011-04-19,Delhi Daredevils,Deccan Chargers,Deccan Chargers,Feroz Shah Kotla,Delhi,Deccan Chargers,bat,,S Sohal
501218,2011,2011-04-20,Mumbai Indians,Pune Warriors,Mumbai Indians,Wankhede Stadium,Mumbai,Pune Warriors,bat,,MM Patel
501219,2011,2011-04-20,Kolkata Knight Riders,Kochi Tuskers Kerala,Kochi Tuskers Kerala,Eden Gardens,Kolkata,Kolkata Knight Riders,field,,DPMD Jayawardene
501220,2011,2011-04-21,Kings XI Punjab,Rajasthan Royals,Kings XI Punjab,"Punjab Cricket Association Stadium, Mohali",Chandigarh,Rajasthan Royals,field,,SE Marsh
501221,2011,2011-04-22,Mumbai Indians,Chennai Super Kings,Mumbai Indians,Wankhede Stadium,Mumbai,Chennai Super Kings,field,,Harbhajan Singh
501222,2011,2011-04-22,Kolkata Knight Riders,Royal Challengers Bangalore,Royal Challengers Bangalore,Eden Gardens,Kolkata,Royal Challengers Bangalore,field,,CH Gayle
501223,2011,2011-04-23,Delhi Daredevils,Kings XI Punjab,Delhi Daredevils,Feroz Shah Kotla,Delhi,Kings XI Punjab,field,,DA Warner
501224,2011,2011-04-24,Deccan Chargers,Mumbai Indians,Mumbai Indians,"Rajiv Gandhi International Stadium, Uppal",Hyderabad,Deccan Chargers,field,,SL Malinga
501225,2011,2011-04-24,Rajasthan Royals,Kochi Tuskers Kerala,Rajasthan Royals,Sawai Mansingh Stadium,Jaipur,Rajasthan Royals,field,,SK Warne
501226,2011,2011-04-25,Chennai Super Kings,Pune Warriors,Chennai Super Kings,"MA Chidambaram Stadium, Chepauk",Chennai,Pune Warriors,field,,MEK Hussey
501227,2011,2011-04-26,Delhi Daredevils,Royal Challengers Bangalore,Royal Challengers Bangalore,Feroz Shah Kotla,Delhi,Royal Challengers Bangalore,field,,V Kohli
501228,2011,2011-04-27,Pune Warriors,Chennai Super Kings,Chennai Super Kings,Dr DY Patil Sports Academy,Mumbai,Pune Warriors,bat,,DE Bollinger
501229,2011,2011-04-27,Kochi Tuskers Kerala,Deccan Chargers,Deccan Chargers,Nehru Stadium,Kochi,Kochi Tuskers Kerala,field,,I Sharma
501230,2011,2011-04-28,Delhi Daredevils,Kolkata Knight Riders,Kolkata Knight Riders,Feroz Shah Kotla,Delhi,Delhi Daredevils,field,,MK Tiwary
501231,2011,2011-04-29,Rajasthan Royals,Mumbai Indians,Rajasthan Royals,Sawai Mansingh Stadium,Jaipur,Rajasthan Royals,field,,J Botha
501232,2011,2011-04-29,Royal Challengers Bangalore,Pune Warriors,Royal Challengers Bangalore,M Chinnaswamy Stadium,Bangalore,Pune Warriors,field,,V Kohli
501233,2011,2011-04-30,Kochi Tuskers Kerala,Delhi Daredevils,Delhi Daredevils,Nehru Stadium,Kochi,Delhi Daredevils,bat,,V Sehwag
501234,2011,2011-04-30,Kolkata Knight Riders,Kings XI Punjab,Kolkata Knight Riders,Eden Gardens,Kolkata,Kolkata Knight Riders,field,,Iqbal Abdulla
501235,2011,2011-05-01,Rajasthan Royals,Pune Warriors,Rajasthan Royals,Sawai Mansingh Stadium,Jaipur,Rajasthan Royals,field,,LRPL Taylor
501236,2011,2011-05-01,Chennai Super Kings,Deccan Chargers,Chennai Super Kings,"MA Chidambaram Stadium, Chepauk",Chennai,Chennai Super Kings,bat,,JA Morkel
501237,2011,2011-05-02,Mumbai Indians,Kings XI Punjab,Mumbai Indians,Wankhede Stadium,Mumbai,Kings XI Punjab,field,,KA Pollard
501238,2011,2011-05-02,Delhi Daredevils,Kochi Tuskers Kerala,Kochi Tuskers Kerala,Feroz Shah Kotla,Delhi,Kochi Tuskers Kerala,field,,P Parameswaran
501239,2011,2011-05-03,Deccan Chargers,Kolkata Knight Riders,Kolkata Knight Riders,"Rajiv Gandhi International Stadium, Uppal",Hyderabad,Deccan Chargers,field,,YK Pathan
501240,2011,2011-05-04,Chennai Super Kings,Rajasthan Royals,Chennai Super Kings,"MA Chidambaram Stadium, Chepauk",Chennai,Rajasthan Royals,bat,,MEK Hussey
501241,2011,2011-05-04,Pune Warriors,Mumbai Indians,Mumbai Indians,Dr DY Patil Sports Academy,Mumbai,Pune Warriors,field,,R Sharma
501242,2011,2011-05-05,Kochi Tuskers Kerala,Kolkata Knight Riders,Kochi Tuskers Kerala,Nehru Stadium,Kochi,Kolkata Knight Riders,field,,BJ Hodge
501243,2011,2011-05-05,Deccan Chargers,Delhi Daredevils,Delhi Daredevils,"Rajiv Gandhi International Stadium, Uppal",Hyderabad,Delhi Daredevils,field,,V Sehwag
501244,2011,2011-05-06,Royal Challengers Bangalore,Kings XI Punjab,Royal Challengers Bangalore,M Chinnaswamy Stadium,Bangalore,Kings XI Punjab,field,,CH Gayle
501245,2011,2011-05-07,Kolkata Knight Riders,Chennai Super Kings,Kolkata Knight Riders,Eden Gardens,Kolkata,Chennai Super Kings,bat,,Iqbal Abdulla
501246,2011,2011-05-07,Mumbai Indians,Delhi Daredevils,Mumbai Indians,Wankhede Stadium,Mumbai,Delhi Daredevils,field,,AT Rayudu
501247,2011,2011-05-08,Royal Challengers Bangalore,Kochi Tuskers Kerala,Royal Challengers Bangalore,M Chinnaswamy Stadium,Bangalore,Kochi Tuskers Kerala,bat,,CH Gayle
501248,2011,2011-05-08,Kings XI Punjab,Pune Warriors,Pune Warriors,"Punjab Cricket Association Stadium, Mohali",Chandigarh,Kings XI Punjab,bat,,R Sharma
501249,2011,2011-05-09,Rajasthan Royals,Chennai Super Kings,Chennai Super Kings,Sawai Mansingh Stadium,Jaipur,Rajasthan Royals,field,,M Vijay
501250,2011,2011-05-10,Deccan Chargers,Pune Warriors,Pune Warriors,"Rajiv Gandhi International Stadium, Uppal",Hyderabad,Deccan Chargers,bat,,MR Marsh
501251,2011,2011-05-10,Kings XI Punjab,Mumbai Indians,Kings XI Punjab,"Punjab Cricket Association Stadium, Mohali",Chandigarh,Mumbai Indians,field,,BA Bhatt
501252,2011,2011-05-11,Rajasthan Royals,Royal Challengers Bangalore,Royal Challengers Bangalore,Sawai Mansingh Stadium,Jaipur,Royal Challengers Bangalore,field,,S Aravind
501253,2011,2011-05-12,Chennai Super Kings,Delhi Daredevils,Chennai Super Kings,"MA Chidambaram Stadium, Chepauk",Chennai,Chennai Super Kings,bat,,MS Dhoni
501254,2011,2011-05-13,Kochi Tuskers Kerala,Kings XI Punjab,Kings XI Punjab,Holkar Cricket Stadium,Indore,Kings XI Punjab,field,,KD Karthik
501255,2011,2011-05-14,Royal Challengers Bangalore,Kolkata Knight Riders,Royal Challengers Bangalore,M Chinnaswamy Stadium,Bangalore,Royal Challengers Bangalore,field,,CH Gayle
501256,2011,2011-05-14,Mumbai Indians,Deccan Chargers,Deccan Chargers,Wankhede Stadium,Mumbai,Deccan Chargers,bat,,A Mishra
501257,2011,2011-05-15,Kings XI Punjab,Delhi Daredevils,Kings XI Punjab,Himachal Pradesh Cricket Association Stadium,Dharamsala,Delhi Daredevils,field,,PP Chawla
501258,2011,2011-05-15,Kochi Tuskers Kerala,Rajasthan Royals,Kochi Tuskers Kerala,Holkar Cricket Stadium,Indore,Kochi Tuskers Kerala,field,,BJ Hodge
501259,2011,2011-05-16,Pune Warriors,Deccan Chargers,Deccan Chargers,Dr DY Patil Sports Academy,Mumbai,Deccan Chargers,field,,A Mishra
501260,2011,2011-05-17,Kings XI Punjab,Royal Challengers Bangalore,Kings XI Punjab,Himachal Pradesh Cricket Association Stadium,Dharamsala,Kings XI Punjab,bat,,AC Gilchrist
501261,2011,2011-05-18,Chennai Super Kings,Kochi Tuskers Kerala,Chennai Super Kings,"MA Chidambaram Stadium, Chepauk",Chennai,Chennai Super Kings,bat,,WP Saha
501262,2011,2011-05-19,Pune Warriors,Kolkata Knight Riders,Kolkata Knight Riders,Dr DY Patil Sports Academy,Mumbai,Kolkata Knight Riders,field,,YK Pathan
501263,2011,2011-05-20,Mumbai Indians,Rajasthan Royals,Rajasthan Royals,Wankhede Stadium,Mumbai,Mumbai Indians,bat,,SR Watson
501264,2011,2011-05-21,Kings XI Punjab,Deccan Chargers,Deccan Chargers,Himachal Pradesh Cricket Association Stadium,Dharamsala,Kings XI Punjab,field,,S Dhawan
501265,2011,2011-05-21,Delhi Daredevils,Pune Warriors,,Feroz Shah Kotla,Delhi,Delhi Daredevils,bat,no result,
501266,2011,2011-05-22,Royal Challengers Bangalore,Chennai Super Kings,Royal Challengers Bangalore,M Chinnaswamy Stadium,Bangalore,Royal Challengers Bangalore,field,,CH Gayle
501267,2011,2011-05-22,Kolkata Knight Riders,Mumbai Indians,Mumbai Indians,Eden Gardens,Kolkata,Mumbai Indians,field,,JEC Franklin
501268,2011,2011-05-24,Royal Challengers Bangalore,Chennai Super Kings,Chennai Super Kings,Wankhede Stadium,Mumbai,Chennai Super Kings,field,,SK Raina
501269,2011,2011-05-25,Mumbai Indians,Kolkata Knight Riders,Mumbai Indians,Wankhede Stadium,Mumbai,Mumbai Indians,field,,MM Patel
501270,2011,2011-05-27,Royal Challengers Bangalore,Mumbai Indians,Royal Challengers Bangalore,"MA Chidambaram Stadium, Chepauk",Chennai,Mumbai Indians,field,,CH Gayle
501271,2011,2011-05-28,Chennai Super Kings,Royal Challengers Bangalore,Chennai Super Kings,"MA Chidambaram Stadium, Chepauk",Chennai,Chennai Super Kings,bat,,M Vijay
548306,2012,2012-04-04,Chennai Super Kings,Mumbai Indians,Mumbai Indians,"MA Chidambaram Stadium, Chepauk",Chennai,Mumbai Indians,field,,RE Levi
548307,2012,2012-04-05,Kolkata Knight Riders,Delhi Daredevils,Delhi Daredevils,Eden Gardens,Kolkata,Delhi Daredevils,field,,IK Pathan
548308,2012,2012-04-06,Mumbai Indians,Pune Warriors,Pune Warriors,Wankhede Stadium,Mumbai,Mumbai Indians,field,,SPD Smith
548309,2012,2012-04-06,Rajasthan Royals,Kings XI Punjab,Rajasthan Royals,Sawai Mansingh Stadium,Jaipur,Kings XI Punjab,field,,AM Rahane
548310,2012,2012-04-07,Royal Challengers Bangalore,Delhi Daredevils,Royal Challengers Bangalore,M Chinnaswamy Stadium,Bangalore,Delhi Daredevils,field,,AB de Villiers
548311,2012,2012-04-07,Deccan Chargers,Chennai Super Kings,Chennai Super Kings,Dr. Y.S. Rajasekhara Reddy ACA-VDCA Cricket Stadium,Visakhapatnam,Deccan Chargers,field,,RA Jadeja
548312,2012,2012-04-08,Rajasthan Royals,Kolkata Knight Riders,Rajasthan Royals,Sawai Mansingh Stadium,Jaipur,Kolkata Knight Riders,field,,BJ Hodge
548313,2012,2012-04-08,Pune Warriors,Kings XI Punjab,Pune Warriors,Subrata Roy Sahara Stadium,Pune,Pune Warriors,bat,,MN Samuels
548314,2012,2012-04-09,Deccan Chargers,Mumbai Indians,Mumbai Indians,Dr. Y.S. Rajasekhara Reddy ACA-VDCA Cricket Stadium,Visakhapatnam,Deccan Chargers,bat,,RG Sharma
548315,2012,2012-04-10,Royal Challengers Bangalore,Kolkata Knight Riders,Kolkata Knight Riders,M Chinnaswamy Stadium,Bangalore,Royal Challengers Bangalore,field,,L Balaji
548316,2012,2012-04-10,Delhi Daredevils,Chennai Super Kings,Delhi Daredevils,Feroz Shah Kotla,Delhi,Delhi Daredevils,field,,M Morkel
548317,2012,2012-04-11,Mumbai Indians,Rajasthan Royals,Mumbai Indians,Wankhede Stadium,Mumbai,Rajasthan Royals,field,,KA Pollard
548318,2012,2012-04-12,Chennai Super Kings,Royal Challengers Bangalore,Chennai Super Kings,"MA Chidambaram Stadium, Chepauk",Chennai,Royal Challengers Bangalore,bat,,F du Plessis
548319,2012,2012-04-12,Kings XI Punjab,Pune Warriors,Kings XI Punjab,"Punjab Cricket Association Stadium, Mohali",Chandigarh,Kings XI Punjab,field,,AD Mascarenhas
548320,2012,2012-04-13,Kolkata Knight Riders,Rajasthan Royals,Kolkata Knight Riders,Eden Gardens,Kolkata,Rajasthan Royals,bat,,Shakib Al Hasan
548321,2012,2012-04-19,Delhi Daredevils,Deccan Chargers,Delhi Daredevils,Feroz Shah Kotla,Delhi,Deccan Chargers,bat,,KP Pietersen
548322,2012,2012-04-14,Pune Warriors,Chennai Super Kings,Pune Warriors,Subrata Roy Sahara Stadium,Pune,Chennai Super Kings,bat,,JD Ryder
548323,2012,2012-04-15,Kolkata Knight Riders,Kings XI Punjab,Kings XI Punjab,Eden Gardens,Kolkata,Kolkata Knight Riders,field,,SP Narine
548324,2012,2012-04-15,Royal Challengers Bangalore,Rajasthan Royals,Rajasthan Royals,M Chinnaswamy Stadium,Bangalore,Rajasthan Royals,bat,,AM Rahane
548325,2012,2012-04-16,Mumbai Indians,Delhi Daredevils,Delhi Daredevils,Wankhede Stadium,Mumbai,Delhi Daredevils,field,,S Nadeem
548326,2012,2012-04-17,Rajasthan Royals,Deccan Chargers,Rajasthan Royals,Sawai Mansingh Stadium,Jaipur,Deccan Chargers,bat,,BJ Hodge
548327,2012,2012-04-17,Royal Challengers Bangalore,Pune Warriors,Royal Challengers Bangalore,M Chinnaswamy Stadium,Bangalore,Pune Warriors,bat,,CH Gayle
548328,2012,2012-04-18,Kings XI Punjab,Kolkata Knight Riders,Kolkata Knight Riders,"Punjab Cricket Association Stadium, Mohali",Chandigarh,Kings XI Punjab,bat,,G Gambhir
548329,2012,2012-05-10,Deccan Chargers,Delhi Daredevils,Delhi Daredevils,"Rajiv Gandhi International Stadium, Uppal",Hyderabad,Deccan Chargers,bat,,DA Warner
548330,2012,2012-04-19,Chennai Super Kings,Pune Warriors,Chennai Super Kings,"MA Chidambaram Stadium, Chepauk",Chennai,Pune Warriors,field,,KMDN Kulasekara
548331,2012,2012-04-20,Kings XI Punjab,Royal Challengers Bangalore,Royal Challengers Bangalore,"Punjab Cricket Association Stadium, Mohali",Chandigarh,Royal Challengers Bangalore,field,,CH Gayle
548332,2012,2012-04-21,Chennai Super Kings,Rajasthan Royals,Chennai Super Kings,"MA Chidambaram Stadium, Chepauk",Chennai,Rajasthan Royals,bat,,F du Plessis
548333,2012,2012-04-21,Delhi Daredevils,Pune Warriors,Pune Warriors,Feroz Shah Kotla,Delhi,Delhi Daredevils,field,,SC Ganguly
548334,2012,2012-04-22,Mumbai Indians,Kings XI Punjab,Kings XI Punjab,Wankhede Stadium,Mumbai,Mumbai Indians,bat,,SE Marsh
548335,2012,2012-04-22,Deccan Chargers,Kolkata Knight Riders,Kolkata Knight Riders,Barabati Stadium,Cuttack,Kolkata Knight Riders,field,,B Lee
548336,2012,2012-04-23,Rajasthan Royals,Royal Challengers Bangalore,Royal Challengers Bangalore,Sawai Mansingh Stadium,Jaipur,Rajasthan Royals,field,,AB de Villiers
548337,2012,2012-04-24,Pune Warriors,Delhi Daredevils,Delhi Daredevils,Subrata Roy Sahara Stadium,Pune,Pune Warriors,bat,,V Sehwag
548339,2012,2012-04-25,Kings XI Punjab,Mumbai Indians,Mumbai Indians,"Punjab Cricket Association Stadium, Mohali",Chandigarh,Kings XI Punjab,bat,,AT Rayudu
548341,2012,2012-04-26,Pune Warriors,Deccan Chargers,Deccan Chargers,Subrata Roy Sahara Stadium,Pune,Deccan Chargers,bat,,CL White
548342,2012,2012-04-27,Delhi Daredevils,Mumbai Indians,Delhi Daredevils,Feroz Shah Kotla,Delhi,Mumbai Indians,field,,V Sehwag
548343,2012,2012-04-28,Chennai Super Kings,Kings XI Punjab,Kings XI Punjab,"MA Chidambaram Stadium, Chepauk",Chennai,Kings XI Punjab,bat,,Mandeep Singh
548344,2012,2012-04-28,Kolkata Knight Riders,Royal Challengers Bangalore,Kolkata Knight Riders,Eden Gardens,Kolkata,Kolkata Knight Riders,bat,,G Gambhir
548345,2012,2012-04-29,Delhi Daredevils,Rajasthan Royals,Delhi Daredevils,Feroz Shah Kotla,Delhi,Delhi Daredevils,bat,,V Sehwag
548346,2012,2012-04-29,Mumbai Indians,Deccan Chargers,Mumbai Indians,Wankhede Stadium,Mumbai,Mumbai Indians,field,,DW Steyn
548347,2012,2012-04-30,Chennai Super Kings,Kolkata Knight Riders,Kolkata Knight Riders,"MA Chidambaram Stadium, Chepauk",Chennai,Chennai Super Kings,bat,,G Gambhir
548348,2012,2012-05-01,Deccan Chargers,Pune Warriors,Deccan Chargers,Barabati Stadium,Cuttack,Deccan Chargers,bat,,KC Sangakkara
548349,2012,2012-05-01,Rajasthan Royals,Delhi Daredevils,Delhi Daredevils,Sawai Mansingh Stadium,Jaipur,Rajasthan Royals,bat,,P Negi
548350,2012,2012-05-02,Royal Challengers Bangalore,Kings XI Punjab,Kings XI Punjab,M Chinnaswamy Stadium,Bangalore,Kings XI Punjab,field,,Azhar Mahmood
548351,2012,2012-05-03,Pune Warriors,Mumbai Indians,Mumbai Indians,Subrata Roy Sahara Stadium,Pune,Mumbai Indians,bat,,SL Malinga
548352,2012,2012-05-04,Chennai Super Kings,Deccan Chargers,Chennai Super Kings,"MA Chidambaram Stadium, Chepauk",Chennai,Chennai Super Kings,bat,,SK Raina
548353,2012,2012-05-05,Kolkata Knight Riders,Pune Warriors,Kolkata Knight Riders,Eden Gardens,Kolkata,Kolkata Knight Riders,bat,,SP Narine
548354,2012,2012-05-05,Kings XI Punjab,Rajasthan Royals,Rajasthan Royals,"Punjab Cricket Association Stadium, Mohali",Chandigarh,Rajasthan Royals,bat,,SR Watson
548355,2012,2012-05-06,Mumbai Indians,Chennai Super Kings,Mumbai Indians,Wankhede Stadium,Mumbai,Mumbai Indians,field,,DR Smith
548356,2012,2012-05-06,Royal Challengers Bangalore,Deccan Chargers,Royal Challengers Bangalore,M Chinnaswamy Stadium,Bangalore,Royal Challengers Bangalore,field,,AB de Villiers
548357,2012,2012-05-07,Delhi Daredevils,Kolkata Knight Riders,Kolkata Knight Riders,Feroz Shah Kotla,Delhi,Delhi Daredevils,bat,,JH Kallis
548358,2012,2012-05-08,Pune Warriors,Rajasthan Royals,Rajasthan Royals,Subrata Roy Sahara Stadium,Pune,Pune Warriors,bat,,SR Watson
548359,2012,2012-05-08,Deccan Chargers,Kings XI Punjab,Kings XI Punjab,"Rajiv Gandhi International Stadium, Uppal",Hyderabad,Deccan Chargers,field,,Mandeep Singh
548360,2012,2012-05-09,Mumbai Indians,Royal Challengers Bangalore,Royal Challengers Bangalore,Wankhede Stadium,Mumbai,Royal Challengers Bangalore,field,,CH Gayle
548361,2012,2012-05-10,Rajasthan Royals,Chennai Super Kings,Chennai Super Kings,Sawai Mansingh Stadium,Jaipur,Chennai Super Kings,field,,BW Hilfenhaus
548362,2012,2012-05-11,Pune Warriors,Royal Challengers Bangalore,Royal Challengers Bangalore,Subrata Roy Sahara Stadium,Pune,Pune Warriors,field,,CH Gayle
548363,2012,2012-05-12,Kolkata Knight Riders,Mumbai Indians,Mumbai Indians,Eden Gardens,Kolkata,Mumbai Indians,bat,,RG Sharma
548364,2012,2012-05-12,Chennai Super Kings,Delhi Daredevils,Chennai Super Kings,"MA Chidambaram Stadium, Chepauk",Chennai,Chennai Super Kings,field,,BW Hilfenhaus
548365,2012,2012-05-13,Rajasthan Royals,Pune Warriors,Rajasthan Royals,Sawai Mansingh Stadium,Jaipur,Rajasthan Royals,bat,,A Chandila
548366,2012,2012-05-13,Kings XI Punjab,Deccan Chargers,Kings XI Punjab,"Punjab Cricket Association Stadium, Mohali",Chandigarh,Deccan Chargers,bat,,DJ Hussey
548367,2012,2012-05-14,Royal Challengers Bangalore,Mumbai Indians,Mumbai Indians,M Chinnaswamy Stadium,Bangalore,Mumbai Indians,field,,AT Rayudu
548368,2012,2012-05-14,Kolkata Knight Riders,Chennai Super Kings,Chennai Super Kings,Eden Gardens,Kolkata,Chennai Super Kings,field,,MEK Hussey
548369,2012,2012-05-15,Delhi Daredevils,Kings XI Punjab,Delhi Daredevils,Feroz Shah Kotla,Delhi,Kings XI Punjab,bat,,UT Yadav
548370,2012,2012-05-16,Mumbai Indians,Kolkata Knight Riders,Kolkata Knight Riders,Wankhede Stadium,Mumbai,Mumbai Indians,field,,SP Narine
548371,2012,2012-05-17,Kings XI Punjab,Chennai Super Kings,Kings XI Punjab,Himachal Pradesh Cricket Association Stadium,Dharamsala,Kings XI Punjab,field,,AC Gilchrist
548372,2012,2012-05-17,Delhi Daredevils,Royal Challengers Bangalore,Royal Challengers Bangalore,Feroz Shah Kotla,Delhi,Delhi Daredevils,field,,CH Gayle
548373,2012,2012-05-18,Deccan Chargers,Rajasthan Royals,Deccan Chargers,"Rajiv Gandhi International Stadium, Uppal",Hyderabad,Rajasthan Royals,bat,,DW Steyn
548374,2012,2012-05-19,Kings XI Punjab,Delhi Daredevils,Delhi Daredevils,Himachal Pradesh Cricket Association Stadium,Dharamsala,Delhi Daredevils,field,,UT Yadav
548375,2012,2012-05-19,Pune Warriors,Kolkata Knight Riders,Kolkata Knight Riders,Subrata Roy Sahara Stadium,Pune,Kolkata Knight Riders,bat,,Shakib Al Hasan
548376,2012,2012-05-20,Deccan Chargers,Royal Challengers Bangalore,Deccan Chargers,"Rajiv Gandhi International Stadium, Uppal",Hyderabad,Royal Challengers Bangalore,field,,DW Steyn
548377,2012,2012-05-20,Rajasthan Royals,Mumbai Indians,Mumbai Indians,Sawai Mansingh Stadium,Jaipur,Rajasthan Royals,bat,,DR Smith
548378,2012,2012-05-22,Delhi Daredevils,Kolkata Knight Riders,Kolkata Knight Riders,Subrata Roy Sahara Stadium,Pune,Kolkata Knight Riders,bat,,YK Pathan
548379,2012,2012-05-23,Chennai Super Kings,Mumbai Indians,Chennai Super Kings,M Chinnaswamy Stadium,Bangalore,Mumbai Indians,field,,MS Dhoni
548380,2012,2012-05-25,Delhi Daredevils,Chennai Super Kings,Chennai Super Kings,"MA Chidambaram Stadium, Chepauk",Chennai,Delhi Daredevils,field,,M Vijay
548381,2012,2012-05-27,Kolkata Knight Riders,Chennai Super Kings,Kolkata Knight Riders,"MA Chidambaram Stadium, Chepauk",Chennai,Chennai Super Kings,bat,,MS Bisla
597998,2013,2013-04-03,Kolkata Knight Riders,Delhi Daredevils,Kolkata Knight Riders,Eden Gardens,Kolkata,Kolkata Knight Riders,field,,SP Narine
597999,2013,2013-04-04,Royal Challengers Bangalore,Mumbai Indians,Royal Challengers Bangalore,M Chinnaswamy Stadium,Bangalore,Mumbai Indians,field,,CH Gayle
598000,2013,2013-04-05,Sunrisers Hyderabad,Pune Warriors,Sunrisers Hyderabad,"Rajiv Gandhi International Stadium, Uppal",Hyderabad,Pune Warriors,field,,A Mishra
598001,2013,2013-04-06,Delhi Daredevils,Rajasthan Royals,Rajasthan Royals,Feroz Shah Kotla,Delhi,Rajasthan Royals,bat,,R Dravid
598002,2013,2013-04-06,Chennai Super Kings,Mumbai Indians,Mumbai Indians,"MA Chidambaram Stadium, Chepauk",Chennai,Mumbai Indians,bat,,KA Pollard
598003,2013,2013-04-07,Pune Warriors,Kings XI Punjab,Kings XI Punjab,Subrata Roy Sahara Stadium,Pune,Pune Warriors,bat,,M Vohra
598004,2013,2013-04-07,Sunrisers Hyderabad,Royal Challengers Bangalore,,"Rajiv Gandhi International Stadium, Uppal",Hyderabad,Royal Challengers Bangalore,bat,tie,GH Vihari
598005,2013,2013-04-08,Rajasthan Royals,Kolkata Knight Riders,Rajasthan Royals,Sawai Mansingh Stadium,Jaipur,Kolkata Knight Riders,field,,SK Trivedi
598006,2013,2013-04-09,Mumbai Indians,Delhi Daredevils,Mumbai Indians,Wankhede Stadium,Mumbai,Mumbai Indians,bat,,KD Karthik
598007,2013,2013-04-10,Kings XI Punjab,Chennai Super Kings,Chennai Super Kings,"Punjab Cricket Association Stadium, Mohali",Chandigarh,Chennai Super Kings,field,,MEK Hussey
598008,2013,2013-04-11,Royal Challengers Bangalore,Kolkata Knight Riders,Royal Challengers Bangalore,M Chinnaswamy Stadium,Bangalore,Royal Challengers Bangalore,field,,CH Gayle
598009,2013,2013-04-11,Pune Warriors,Rajasthan Royals,Pune Warriors,Subrata Roy Sahara Stadium,Pune,Rajasthan Royals,bat,,AJ Finch
598010,2013,2013-04-12,Delhi Daredevils,Sunrisers Hyderabad,Sunrisers Hyderabad,Feroz Shah Kotla,Delhi,Delhi Daredevils,bat,,A Mishra
598011,2013,2013-04-13,Mumbai Indians,Pune Warriors,Mumbai Indians,Wankhede Stadium,Mumbai,Mumbai Indians,bat,,RG Sharma
598012,2013,2013-04-13,Chennai Super Kings,Royal Challengers Bangalore,Chennai Super Kings,"MA Chidambaram Stadium, Chepauk",Chennai,Chennai Super Kings,field,,RA Jadeja
598013,2013,2013-04-14,Kolkata Knight Riders,Sunrisers Hyderabad,Kolkata Knight Riders,Eden Gardens,Kolkata,Kolkata Knight Riders,bat,,G Gambhir
598014,2013,2013-04-14,Rajasthan Royals,Kings XI Punjab,Rajasthan Royals,Sawai Mansingh Stadium,Jaipur,Rajasthan Royals,field,,JP Faulkner
598015,2013,2013-04-15,Chennai Super Kings,Pune Warriors,Pune Warriors,"MA Chidambaram Stadium, Chepauk",Chennai,Pune Warriors,bat,,SPD Smith
598016,2013,2013-04-16,Kings XI Punjab,Kolkata Knight Riders,Kings XI Punjab,"Punjab Cricket Association Stadium, Mohali",Chandigarh,Kolkata Knight Riders,field,,MS Gony
598017,2013,2013-04-16,Royal Challengers Bangalore,Delhi Daredevils,,M Chinnaswamy Stadium,Bangalore,Royal Challengers Bangalore,field,tie,V Kohli
598018,2013,2013-04-17,Pune Warriors,Sunrisers Hyderabad,Sunrisers Hyderabad,Maharashtra Cricket Association Stadium,Pune,Pune Warriors,field,,A Mishra
598019,2013,2013-04-17,Rajasthan Royals,Mumbai Indians,Rajasthan Royals,Sawai Mansingh Stadium,Jaipur,Rajasthan Royals,bat,,AM Rahane
598020,2013,2013-04-18,Delhi Daredevils,Chennai Super Kings,Chennai Super Kings,Feroz Shah Kotla,Delhi,Chennai Super Kings,bat,,MEK Hussey
598021,2013,2013-04-19,Sunrisers Hyderabad,Kings XI Punjab,Sunrisers Hyderabad,"Rajiv Gandhi International Stadium, Uppal",Hyderabad,Kings XI Punjab,bat,,GH Vihari
598022,2013,2013-04-20,Kolkata Knight Riders,Chennai Super Kings,Chennai Super Kings,Eden Gardens,Kolkata,Kolkata Knight Riders,bat,,RA Jadeja
598023,2013,2013-04-20,Royal Challengers Bangalore,Rajasthan Royals,Royal Challengers Bangalore,M Chinnaswamy Stadium,Bangalore,Royal Challengers Bangalore,field,,R Vinay Kumar
598024,2013,2013-04-21,Delhi Daredevils,Mumbai Indians,Delhi Daredevils,Feroz Shah Kotla,Delhi,Mumbai Indians,bat,,V Sehwag
598025,2013,2013-04-21,Kings XI Punjab,Pune Warriors,Kings XI Punjab,"Punjab Cricket Association Stadium, Mohali",Chandigarh,Kings XI Punjab,field,,DA Miller
598026,2013,2013-04-22,Chennai Super Kings,Rajasthan Royals,Chennai Super Kings,"MA Chidambaram Stadium, Chepauk",Chennai,Rajasthan Royals,bat,,MEK Hussey
598027,2013,2013-04-23,Royal Challengers Bangalore,Pune Warriors,Royal Challengers Bangalore,M Chinnaswamy Stadium,Bangalore,Pune Warriors,field,,CH Gayle
598028,2013,2013-05-16,Kings XI Punjab,Delhi Daredevils,Kings XI Punjab,Himachal Pradesh Cricket Association Stadium,Dharamsala,Delhi Daredevils,field,,DA Miller
598029,2013,2013-04-24,Kolkata Knight Riders,Mumbai Indians,Mumbai Indians,Eden Gardens,Kolkata,Kolkata Knight Riders,bat,,DR Smith
598030,2013,2013-04-25,Chennai Super Kings,Sunrisers Hyderabad,Chennai Super Kings,"MA Chidambaram Stadium, Chepauk",Chennai,Sunrisers Hyderabad,bat,,MS Dhoni
598031,2013,2013-04-26,Kolkata Knight Riders,Kings XI Punjab,Kolkata Knight Riders,Eden Gardens,Kolkata,Kings XI Punjab,bat,,JH Kallis
598032,2013,2013-04-27,Rajasthan Royals,Sunrisers Hyderabad,Rajasthan Royals,Sawai Mansingh Stadium,Jaipur,Sunrisers Hyderabad,bat,,JP Faulkner
598033,2013,2013-04-27,Mumbai Indians,Royal Challengers Bangalore,Mumbai Indians,Wankhede Stadium,Mumbai,Mumbai Indians,bat,,DR Smith
598034,2013,2013-04-28,Chennai Super Kings,Kolkata Knight Riders,Chennai Super Kings,"MA Chidambaram Stadium, Chepauk",Chennai,Kolkata Knight Riders,field,,MEK Hussey
598035,2013,2013-04-28,Delhi Daredevils,Pune Warriors,Delhi Daredevils,Shaheed Veer Narayan Singh International Stadium,Raipur,Pune Warriors,field,,DA Warner
598036,2013,2013-04-29,Rajasthan Royals,Royal Challengers Bangalore,Rajasthan Royals,Sawai Mansingh Stadium,Jaipur,Rajasthan Royals,field,,SV Samson
598037,2013,2013-04-29,Mumbai Indians,Kings XI Punjab,Mumbai Indians,Wankhede Stadium,Mumbai,Mumbai Indians,bat,,RG Sharma
598038,2013,2013-04-30,Pune Warriors,Chennai Super Kings,Chennai Super Kings,Subrata Roy Sahara Stadium,Pune,Chennai Super Kings,bat,,MS Dhoni
598039,2013,2013-05-01,Sunrisers Hyderabad,Mumbai Indians,Sunrisers Hyderabad,"Rajiv Gandhi International Stadium, Uppal",Hyderabad,Mumbai Indians,bat,,I Sharma
598040,2013,2013-05-01,Delhi Daredevils,Kolkata Knight Riders,Delhi Daredevils,Shaheed Veer Narayan Singh International Stadium,Raipur,Kolkata Knight Riders,bat,,DA Warner
598041,2013,2013-05-02,Chennai Super Kings,Kings XI Punjab,Chennai Super Kings,"MA Chidambaram Stadium, Chepauk",Chennai,Chennai Super Kings,bat,,SK Raina
598042,2013,2013-05-02,Pune Warriors,Royal Challengers Bangalore,Royal Challengers Bangalore,Subrata Roy Sahara Stadium,Pune,Royal Challengers Bangalore,bat,,AB de Villiers
598043,2013,2013-05-03,Kolkata Knight Riders,Rajasthan Royals,Kolkata Knight Riders,Eden Gardens,Kolkata,Rajasthan Royals,bat,,YK Pathan
598044,2013,2013-05-04,Sunrisers Hyderabad,Delhi Daredevils,Sunrisers Hyderabad,"Rajiv Gandhi International Stadium, Uppal",Hyderabad,Delhi Daredevils,bat,,DJG Sammy
598045,2013,2013-05-14,Royal Challengers Bangalore,Kings XI Punjab,Kings XI Punjab,M Chinnaswamy Stadium,Bangalore,Kings XI Punjab,field,,AC Gilchrist
598046,2013,2013-05-05,Mumbai Indians,Chennai Super Kings,Mumbai Indians,Wankhede Stadium,Mumbai,Mumbai Indians,bat,,MG Johnson
598047,2013,2013-05-05,Rajasthan Royals,Pune Warriors,Rajasthan Royals,Sawai Mansingh Stadium,Jaipur,Pune Warriors,bat,,AM Rahane
598048,2013,2013-04-09,Royal Challengers Bangalore,Sunrisers Hyderabad,Royal Challengers Bangalore,M Chinnaswamy Stadium,Bangalore,Sunrisers Hyderabad,bat,,V Kohli
598049,2013,2013-05-07,Rajasthan Royals,Delhi Daredevils,Rajasthan Royals,Sawai Mansingh Stadium,Jaipur,Delhi Daredevils,bat,,AM Rahane
598050,2013,2013-05-07,Mumbai Indians,Kolkata Knight Riders,Mumbai Indians,Wankhede Stadium,Mumbai,Mumbai Indians,bat,,SR Tendulkar
598051,2013,2013-05-08,Sunrisers Hyderabad,Chennai Super Kings,Chennai Super Kings,"Rajiv Gandhi International Stadium, Uppal",Hyderabad,Sunrisers Hyderabad,field,,SK Raina
598052,2013,2013-05-09,Kings XI Punjab,Rajasthan Royals,Rajasthan Royals,"Punjab Cricket Association Stadium, Mohali",Chandigarh,Rajasthan Royals,field,,KK Cooper
598053,2013,2013-05-09,Pune Warriors,Kolkata Knight Riders,Kolkata Knight Riders,Subrata Roy Sahara Stadium,Pune,Kolkata Knight Riders,bat,,G Gambhir
598054,2013,2013-05-10,Delhi Daredevils,Royal Challengers Bangalore,Royal Challengers Bangalore,Feroz Shah Kotla,Delhi,Delhi Daredevils,field,,JD Unadkat
598055,2013,2013-05-11,Pune Warriors,Mumbai Indians,Mumbai Indians,Subrata Roy Sahara Stadium,Pune,Pune Warriors,bat,,MG Johnson
598056,2013,2013-05-11,Kings XI Punjab,Sunrisers Hyderabad,Sunrisers Hyderabad,"Punjab Cricket Association Stadium, Mohali",Chandigarh,Kings XI Punjab,field,,PA Patel
598057,2013,2013-05-12,Kolkata Knight Riders,Royal Challengers Bangalore,Kolkata Knight Riders,JSCA International Stadium Complex,Ranchi,Kolkata Knight Riders,field,,JH Kallis
598058,2013,2013-05-12,Rajasthan Royals,Chennai Super Kings,Rajasthan Royals,Sawai Mansingh Stadium,Jaipur,Rajasthan Royals,field,,SR Watson
598059,2013,2013-04-23,Delhi Daredevils,Kings XI Punjab,Kings XI Punjab,Feroz Shah Kotla,Delhi,Kings XI Punjab,field,,Harmeet Singh
598060,2013,2013-05-13,Mumbai Indians,Sunrisers Hyderabad,Mumbai Indians,Wankhede Stadium,Mumbai,Sunrisers Hyderabad,bat,,KA Pollard
598061,2013,2013-05-15,Kolkata Knight Riders,Pune Warriors,Pune Warriors,JSCA International Stadium Complex,Ranchi,Kolkata Knight Riders,field,,MK Pandey
598062,2013,2013-05-14,Chennai Super Kings,Delhi Daredevils,Chennai Super Kings,"MA Chidambaram Stadium, Chepauk",Chennai,Chennai Super Kings,bat,,MS Dhoni
598063,2013,2013-05-15,Mumbai Indians,Rajasthan Royals,Mumbai Indians,Wankhede Stadium,Mumbai,Rajasthan Royals,field,,AP Tare
598064,2013,2013-05-06,Kings XI Punjab,Royal Challengers Bangalore,Kings XI Punjab,"Punjab Cricket Association Stadium, Mohali",Chandigarh,Kings XI Punjab,field,,DA Miller
598065,2013,2013-05-17,Sunrisers Hyderabad,Rajasthan Royals,Sunrisers Hyderabad,"Rajiv Gandhi International Stadium, Uppal",Hyderabad,Sunrisers Hyderabad,bat,,A Mishra
598066,2013,2013-05-18,Kings XI Punjab,Mumbai Indians,Kings XI Punjab,Himachal Pradesh Cricket Association Stadium,Dharamsala,Mumbai Indians,field,,Azhar Mahmood
598067,2013,2013-05-19,Pune Warriors,Delhi Daredevils,Pune Warriors,Subrata Roy Sahara Stadium,Pune,Pune Warriors,bat,,LJ Wright
598068,2013,2013-05-18,Royal Challengers Bangalore,Chennai Super Kings,Royal Challengers Bangalore,M Chinnaswamy Stadium,Bangalore,Chennai Super Kings,field,,V Kohli
598069,2013,2013-05-19,Sunrisers Hyderabad,Kolkata Knight Riders,Sunrisers Hyderabad,"Rajiv Gandhi International Stadium, Uppal",Hyderabad,Kolkata Knight Riders,bat,,PA Patel
598070,2013,2013-05-21,Chennai Super Kings,Mumbai Indians,Chennai Super Kings,Feroz Shah Kotla,Delhi,Chennai Super Kings,bat,,MEK Hussey
598071,2013,2013-05-22,Rajasthan Royals,Sunrisers Hyderabad,Rajasthan Royals,Feroz Shah Kotla,Delhi,Sunrisers Hyderabad,bat,,BJ Hodge
598072,2013,2013-05-24,Mumbai Indians,Rajasthan Royals,Mumbai Indians,Eden Gardens,Kolkata,Rajasthan Royals,bat,,Harbhajan Singh
598073,2013,2013-05-26,Chennai Super Kings,Mumbai Indians,Mumbai Indians,Eden Gardens,Kolkata,Mumbai Indians,bat,,KA Pollard
729279,2014,2014-04-16,Mumbai Indians,Kolkata Knight Riders,Kolkata Knight Riders,Sheikh Zayed Stadium,Abu Dhabi,Kolkata Knight Riders,bat,,JH Kallis
729281,2014,2014-04-17,Delhi Daredevils,Royal Challengers Bangalore,Royal Challengers Bangalore,Sharjah Cricket Stadium,,Royal Challengers Bangalore,field,,YS Chahal
729283,2014,2014-04-18,Chennai Super Kings,Kings XI Punjab,Kings XI Punjab,Sheikh Zayed Stadium,Abu Dhabi,Chennai Super Kings,bat,,GJ Maxwell
729285,2014,2014-04-18,Sunrisers Hyderabad,Rajasthan Royals,Rajasthan Royals,Sheikh Zayed Stadium,Abu Dhabi,Rajasthan Royals,field,,AM Rahane
729287,2014,2014-04-19,Royal Challengers Bangalore,Mumbai Indians,Royal Challengers Bangalore,Dubai International Cricket Stadium,,Royal Challengers Bangalore,field,,PA Patel
729289,2014,2014-04-19,Kolkata Knight Riders,Delhi Daredevils,Delhi Daredevils,Dubai International Cricket Stadium,,Kolkata Knight Riders,bat,,JP Duminy
729291,2014,2014-04-20,Rajasthan Royals,Kings XI Punjab,Kings XI Punjab,Sharjah Cricket Stadium,,Kings XI Punjab,field,,GJ Maxwell
729293,2014,2014-04-21,Chennai Super Kings,Delhi Daredevils,Chennai Super Kings,Sheikh Zayed Stadium,Abu Dhabi,Chennai Super Kings,bat,,SK Raina
729295,2014,2014-04-22,Kings XI Punjab,Sunrisers Hyderabad,Kings XI Punjab,Sharjah Cricket Stadium,,Sunrisers Hyderabad,field,,GJ Maxwell
729297,2014,2014-04-23,Rajasthan Royals,Chennai Super Kings,Chennai Super Kings,Dubai International Cricket Stadium,,Rajasthan Royals,field,,RA Jadeja
729299,2014,2014-04-24,Royal Challengers Bangalore,Kolkata Knight Riders,Kolkata Knight Riders,Sharjah Cricket Stadium,,Royal Challengers Bangalore,field,,CA Lynn
729301,2014,2014-04-25,Sunrisers Hyderabad,Delhi Daredevils,Sunrisers Hyderabad,Dubai International Cricket Stadium,,Sunrisers Hyderabad,bat,,AJ Finch
729303,2014,2014-04-25,Chennai Super Kings,Mumbai Indians,Chennai Super Kings,Dubai International Cricket Stadium,,Mumbai Indians,bat,,MM Sharma
729305,2014,2014-04-26,Rajasthan Royals,Royal Challengers Bangalore,Rajasthan Royals,Sheikh Zayed Stadium,Abu Dhabi,Rajasthan Royals,field,,PV Tambe
729307,2014,2014-04-26,Kolkata Knight Riders,Kings XI Punjab,Kings XI Punjab,Sheikh Zayed Stadium,Abu Dhabi,Kolkata Knight Riders,field,,Sandeep Sharma
729309,2014,2014-04-27,Delhi Daredevils,Mumbai Indians,Delhi Daredevils,Sharjah Cricket Stadium,,Mumbai Indians,bat,,M Vijay
729311,2014,2014-04-27,Sunrisers Hyderabad,Chennai Super Kings,Chennai Super Kings,Sharjah Cricket Stadium,,Sunrisers Hyderabad,bat,,DR Smith
729313,2014,2014-04-28,Kings XI Punjab,Royal Challengers Bangalore,Kings XI Punjab,Dubai International Cricket Stadium,,Kings XI Punjab,field,,Sandeep Sharma
729315,2014,2014-04-29,Kolkata Knight Riders,Rajasthan Royals,,Sheikh Zayed Stadium,Abu Dhabi,Rajasthan Royals,bat,tie,JP Faulkner
729317,2014,2014-04-30,Mumbai Indians,Sunrisers Hyderabad,Sunrisers Hyderabad,Dubai International Cricket Stadium,,Mumbai Indians,field,,B Kumar
733971,2014,2014-05-02,Chennai Super Kings,Kolkata Knight Riders,Chennai Super Kings,JSCA International Stadium Complex,Ranchi,Chennai Super Kings,bat,,RA Jadeja
733973,2014,2014-05-03,Mumbai Indians,Kings XI Punjab,Mumbai Indians,Wankhede Stadium,Mumbai,Kings XI Punjab,bat,,CJ Anderson
733975,2014,2014-05-03,Delhi Daredevils,Rajasthan Royals,Rajasthan Royals,Feroz Shah Kotla,Delhi,Rajasthan Royals,field,,KK Nair
733977,2014,2014-05-04,Royal Challengers Bangalore,Sunrisers Hyderabad,Royal Challengers Bangalore,M Chinnaswamy Stadium,Bangalore,Royal Challengers Bangalore,field,,AB de Villiers
733979,2014,2014-05-05,Rajasthan Royals,Kolkata Knight Riders,Rajasthan Royals,"Sardar Patel Stadium, Motera",Ahmedabad,Kolkata Knight Riders,field,,PV Tambe
733981,2014,2014-05-05,Delhi Daredevils,Chennai Super Kings,Chennai Super Kings,Feroz Shah Kotla,Delhi,Chennai Super Kings,field,,DR Smith
733983,2014,2014-05-06,Mumbai Indians,Royal Challengers Bangalore,Mumbai Indians,Wankhede Stadium,Mumbai,Royal Challengers Bangalore,field,,RG Sharma
733985,2014,2014-05-07,Delhi Daredevils,Kolkata Knight Riders,Kolkata Knight Riders,Feroz Shah Kotla,Delhi,Delhi Daredevils,bat,,G Gambhir
733987,2014,2014-05-07,Kings XI Punjab,Chennai Super Kings,Kings XI Punjab,Barabati Stadium,Cuttack,Chennai Super Kings,field,,GJ Maxwell
733989,2014,2014-05-08,Rajasthan Royals,Sunrisers Hyderabad,Sunrisers Hyderabad,"Sardar Patel Stadium, Motera",Ahmedabad,Rajasthan Royals,field,,B Kumar
733991,2014,2014-05-09,Royal Challengers Bangalore,Kings XI Punjab,Kings XI Punjab,M Chinnaswamy Stadium,Bangalore,Royal Challengers Bangalore,field,,Sandeep Sharma
733993,2014,2014-05-10,Delhi Daredevils,Sunrisers Hyderabad,Sunrisers Hyderabad,Feroz Shah Kotla,Delhi,Sunrisers Hyderabad,field,,DW Steyn
733995,2014,2014-05-10,Mumbai Indians,Chennai Super Kings,Chennai Super Kings,Wankhede Stadium,Mumbai,Chennai Super Kings,field,,DR Smith
733997,2014,2014-05-11,Kings XI Punjab,Kolkata Knight Riders,Kolkata Knight Riders,Barabati Stadium,Cuttack,Kolkata Knight Riders,field,,G Gambhir
733999,2014,2014-05-11,Royal Challengers Bangalore,Rajasthan Royals,Rajasthan Royals,M Chinnaswamy Stadium,Bangalore,Royal Challengers Bangalore,bat,,JP Faulkner
734001,2014,2014-05-12,Sunrisers Hyderabad,Mumbai Indians,Mumbai Indians,"Rajiv Gandhi International Stadium, Uppal",Hyderabad,Sunrisers Hyderabad,bat,,AT Rayudu
734003,2014,2014-05-13,Chennai Super Kings,Rajasthan Royals,Chennai Super Kings,JSCA International Stadium Complex,Ranchi,Rajasthan Royals,bat,,RA Jadeja
734005,2014,2014-05-13,Royal Challengers Bangalore,Delhi Daredevils,Royal Challengers Bangalore,M Chinnaswamy Stadium,Bangalore,Delhi Daredevils,field,,Yuvraj Singh
734007,2014,2014-05-14,Sunrisers Hyderabad,Kings XI Punjab,Kings XI Punjab,"Rajiv Gandhi International Stadium, Uppal",Hyderabad,Kings XI Punjab,field,,WP Saha
734009,2014,2014-05-14,Kolkata Knight Riders,Mumbai Indians,Kolkata Knight Riders,Barabati Stadium,Cuttack,Kolkata Knight Riders,field,,RV Uthappa
734011,2014,2014-05-15,Rajasthan Royals,Delhi Daredevils,Rajasthan Royals,"Sardar Patel Stadium, Motera",Ahmedabad,Delhi Daredevils,field,,AM Rahane
734013,2014,2014-05-18,Chennai Super Kings,Royal Challengers Bangalore,Royal Challengers Bangalore,JSCA International Stadium Complex,Ranchi,Chennai Super Kings,bat,,AB de Villiers
734015,2014,2014-05-18,Sunrisers Hyderabad,Kolkata Knight Riders,Kolkata Knight Riders,"Rajiv Gandhi International Stadium, Uppal",Hyderabad,Sunrisers Hyderabad,bat,,UT Yadav
734017,2014,2014-05-19,Rajasthan Royals,Mumbai Indians,Mumbai Indians,"Sardar Patel Stadium, Motera",Ahmedabad,Mumbai Indians,bat,,MEK Hussey
734019,2014,2014-05-19,Delhi Daredevils,Kings XI Punjab,Kings XI Punjab,Feroz Shah Kotla,Delhi,Kings XI Punjab,field,,AR Patel
734021,2014,2014-05-20,Sunrisers Hyderabad,Royal Challengers Bangalore,Sunrisers Hyderabad,"Rajiv Gandhi International Stadium, Uppal",Hyderabad,Royal Challengers Bangalore,bat,,DA Warner
734023,2014,2014-05-20,Kolkata Knight Riders,Chennai Super Kings,Kolkata Knight Riders,Eden Gardens,Kolkata,Kolkata Knight Riders,field,,RV Uthappa
734025,2014,2014-05-21,Kings XI Punjab,Mumbai Indians,Mumbai Indians,"Punjab Cricket Association Stadium, Mohali",Chandigarh,Mumbai Indians,field,,LMP Simmons
734027,2014,2014-05-22,Kolkata Knight Riders,Royal Challengers Bangalore,Kolkata Knight Riders,Eden Gardens,Kolkata,Royal Challengers Bangalore,field,,RV Uthappa
734029,2014,2014-05-22,Chennai Super Kings,Sunrisers Hyderabad,Sunrisers Hyderabad,JSCA International Stadium Complex,Ranchi,Sunrisers Hyderabad,field,,DA Warner
734031,2014,2014-05-23,Mumbai Indians,Delhi Daredevils,Mumbai Indians,Wankhede Stadium,Mumbai,Delhi Daredevils,field,,MEK Hussey
734033,2014,2014-05-23,Kings XI Punjab,Rajasthan Royals,Kings XI Punjab,"Punjab Cricket Association Stadium, Mohali",Chandigarh,Rajasthan Royals,field,,SE Marsh
734035,2014,2014-05-24,Royal Challengers Bangalore,Chennai Super Kings,Chennai Super Kings,M Chinnaswamy Stadium,Bangalore,Chennai Super Kings,field,,MS Dhoni
734037,2014,2014-05-24,Kolkata Knight Riders,Sunrisers Hyderabad,Kolkata Knight Riders,Eden Gardens,Kolkata,Kolkata Knight Riders,field,,YK Pathan
734039,2014,2014-05-25,Kings XI Punjab,Delhi Daredevils,Kings XI Punjab,"Punjab Cricket Association Stadium, Mohali",Chandigarh,Kings XI Punjab,field,,M Vohra
734041,2014,2014-05-25,Mumbai Indians,Rajasthan Royals,Mumbai Indians,Wankhede Stadium,Mumbai,Mumbai Indians,field,,CJ Anderson
734043,2014,2014-05-27,Kings XI Punjab,Kolkata Knight Riders,Kolkata Knight Riders,Eden Gardens,Kolkata,Kings XI Punjab,field,,UT Yadav
734045,2014,2014-05-28,Chennai Super Kings,Mumbai Indians,Chennai Super Kings,Brabourne Stadium,Mumbai,Chennai Super Kings,field,,SK Raina
734047,2014,2014-05-30,Chennai Super Kings,Kings XI Punjab,Kings XI Punjab,Wankhede Stadium,Mumbai,Chennai Super Kings,field,,V Sehwag
734049,2014,2014-06-01,Kolkata Knight Riders,Kings XI Punjab,Kolkata Knight Riders,M Chinnaswamy Stadium,Bangalore,Kolkata Knight Riders,field,,MK Pandey
829705,2015,2015-04-08,Kolkata Knight Riders,Mumbai Indians,Kolkata Knight Riders,Eden Gardens,Kolkata,Kolkata Knight Riders,field,,M Morkel
829707,2015,2015-04-09,Chennai Super Kings,Delhi Daredevils,Chennai Super Kings,"MA Chidambaram Stadium, Chepauk",Chennai,Delhi Daredevils,field,,A Nehra
829709,2015,2015-04-10,Kings XI Punjab,Rajasthan Royals,Rajasthan Royals,Maharashtra Cricket Association Stadium,Pune,Kings XI Punjab,field,,JP Faulkner
829711,2015,2015-04-11,Chennai Super Kings,Sunrisers Hyderabad,Chennai Super Kings,"MA Chidambaram Stadium, Chepauk",Chennai,Chennai Super Kings,bat,,BB McCullum
829713,2015,2015-04-11,Kolkata Knight Riders,Royal Challengers Bangalore,Royal Challengers Bangalore,Eden Gardens,Kolkata,Royal Challengers Bangalore,field,,CH Gayle
829715,2015,2015-04-12,Delhi Daredevils,Rajasthan Royals,Rajasthan Royals,Feroz Shah Kotla,Delhi,Rajasthan Royals,field,,DJ Hooda
829717,2015,2015-04-12,Mumbai Indians,Kings XI Punjab,Kings XI Punjab,Wankhede Stadium,Mumbai,Mumbai Indians,field,,GJ Bailey
829719,2015,2015-04-13,Royal Challengers Bangalore,Sunrisers Hyderabad,Sunrisers Hyderabad,M Chinnaswamy Stadium,Bangalore,Sunrisers Hyderabad,field,,DA Warner
829721,2015,2015-04-14,Rajasthan Royals,Mumbai Indians,Rajasthan Royals,"Sardar Patel Stadium, Motera",Ahmedabad,Mumbai Indians,bat,,SPD Smith
829723,2015,2015-04-30,Kolkata Knight Riders,Chennai Super Kings,Kolkata Knight Riders,Eden Gardens,Kolkata,Kolkata Knight Riders,field,,AD Russell
829725,2015,2015-04-15,Kings XI Punjab,Delhi Daredevils,Delhi Daredevils,Maharashtra Cricket Association Stadium,Pune,Kings XI Punjab,bat,,MA Agarwal
829727,2015,2015-04-16,Sunrisers Hyderabad,Rajasthan Royals,Rajasthan Royals,Dr. Y.S. Rajasekhara Reddy ACA-VDCA Cricket Stadium,Visakhapatnam,Rajasthan Royals,field,,AM Rahane
829729,2015,2015-04-17,Mumbai Indians,Chennai Super Kings,Chennai Super Kings,Wankhede Stadium,Mumbai,Mumbai Indians,bat,,A Nehra
829731,2015,2015-04-18,Sunrisers Hyderabad,Delhi Daredevils,Delhi Daredevils,Dr. Y.S. Rajasekhara Reddy ACA-VDCA Cricket Stadium,Visakhapatnam,Delhi Daredevils,bat,,JP Duminy
829733,2015,2015-04-18,Kings XI Punjab,Kolkata Knight Riders,Kolkata Knight Riders,Maharashtra Cricket Association Stadium,Pune,Kolkata Knight Riders,field,,AD Russell
829735,2015,2015-04-19,Rajasthan Royals,Chennai Super Kings,Rajasthan Royals,"Sardar Patel Stadium, Motera",Ahmedabad,Chennai Super Kings,bat,,AM Rahane
829737,2015,2015-04-19,Royal Challengers Bangalore,Mumbai Indians,Mumbai Indians,M Chinnaswamy Stadium,Bangalore,Royal Challengers Bangalore,field,,Harbhajan Singh
829739,2015,2015-04-20,Delhi Daredevils,Kolkata Knight Riders,Kolkata Knight Riders,Feroz Shah Kotla,Delhi,Kolkata Knight Riders,field,,UT Yadav
829741,2015,2015-04-21,Rajasthan Royals,Kings XI Punjab,,"Sardar Patel Stadium, Motera",Ahmedabad,Kings XI Punjab,field,tie,SE Marsh
829743,2015,2015-04-22,Sunrisers Hyderabad,Kolkata Knight Riders,Sunrisers Hyderabad,Dr. Y.S. Rajasekhara Reddy ACA-VDCA Cricket Stadium,Visakhapatnam,Kolkata Knight Riders,field,,DA Warner
829745,2015,2015-04-22,Royal Challengers Bangalore,Chennai Super Kings,Chennai Super Kings,M Chinnaswamy Stadium,Bangalore,Royal Challengers Bangalore,field,,SK Raina
829747,2015,2015-04-23,Delhi Daredevils,Mumbai Indians,Delhi Daredevils,Feroz Shah Kotla,Delhi,Mumbai Indians,field,,SS Iyer
829749,2015,2015-04-24,Rajasthan Royals,Royal Challengers Bangalore,Royal Challengers Bangalore,"Sardar Patel Stadium, Motera",Ahmedabad,Royal Challengers Bangalore,field,,MA Starc
829751,2015,2015-04-25,Mumbai Indians,Sunrisers Hyderabad,Mumbai Indians,Wankhede Stadium,Mumbai,Mumbai Indians,bat,,SL Malinga
829753,2015,2015-04-25,Chennai Super Kings,Kings XI Punjab,Chennai Super Kings,"MA Chidambaram Stadium, Chepauk",Chennai,Chennai Super Kings,bat,,BB McCullum
829757,2015,2015-04-26,Delhi Daredevils,Royal Challengers Bangalore,Royal Challengers Bangalore,Feroz Shah Kotla,Delhi,Royal Challengers Bangalore,field,,VR Aaron
829759,2015,2015-04-27,Kings XI Punjab,Sunrisers Hyderabad,Sunrisers Hyderabad,"Punjab Cricket Association Stadium, Mohali",Chandigarh,Kings XI Punjab,field,,TA Boult
829761,2015,2015-05-07,Kolkata Knight Riders,Delhi Daredevils,Kolkata Knight Riders,Eden Gardens,Kolkata,Kolkata Knight Riders,bat,,PP Chawla
829763,2015,2015-04-29,Royal Challengers Bangalore,Rajasthan Royals,,M Chinnaswamy Stadium,Bangalore,Rajasthan Royals,field,no result,
829765,2015,2015-04-28,Chennai Super Kings,Kolkata Knight Riders,Chennai Super Kings,"MA Chidambaram Stadium, Chepauk",Chennai,Kolkata Knight Riders,field,,DJ Bravo
829767,2015,2015-05-01,Delhi Daredevils,Kings XI Punjab,Delhi Daredevils,Feroz Shah Kotla,Delhi,Delhi Daredevils,field,,NM Coulter-Nile
829769,2015,2015-05-01,Mumbai Indians,Rajasthan Royals,Mumbai Indians,Wankhede Stadium,Mumbai,Rajasthan Royals,field,,AT Rayudu
829771,2015,2015-05-02,Royal Challengers Bangalore,Kolkata Knight Riders,Royal Challengers Bangalore,M Chinnaswamy Stadium,Bangalore,Royal Challengers Bangalore,field,,Mandeep Singh
829773,2015,2015-05-02,Sunrisers Hyderabad,Chennai Super Kings,Sunrisers Hyderabad,"Rajiv Gandhi International Stadium, Uppal",Hyderabad,Chennai Super Kings,field,,DA Warner
829775,2015,2015-05-03,Kings XI Punjab,Mumbai Indians,Mumbai Indians,"Punjab Cricket Association Stadium, Mohali",Chandigarh,Mumbai Indians,bat,,LMP Simmons
829777,2015,2015-05-03,Rajasthan Royals,Delhi Daredevils,Rajasthan Royals,Brabourne Stadium,Mumbai,Delhi Daredevils,field,,AM Rahane
829779,2015,2015-05-04,Chennai Super Kings,Royal Challengers Bangalore,Chennai Super Kings,"MA Chidambaram Stadium, Chepauk",Chennai,Chennai Super Kings,bat,,SK Raina
829781,2015,2015-05-04,Kolkata Knight Riders,Sunrisers Hyderabad,Kolkata Knight Riders,Eden Gardens,Kolkata,Sunrisers Hyderabad,field,,UT Yadav
829783,2015,2015-05-05,Mumbai Indians,Delhi Daredevils,Mumbai Indians,Wankhede Stadium,Mumbai,Delhi Daredevils,bat,,Harbhajan Singh
829785,2015,2015-05-06,Royal Challengers Bangalore,Kings XI Punjab,Royal Challengers Bangalore,M Chinnaswamy Stadium,Bangalore,Kings XI Punjab,field,,CH Gayle
829787,2015,2015-05-07,Rajasthan Royals,Sunrisers Hyderabad,Sunrisers Hyderabad,Brabourne Stadium,Mumbai,Rajasthan Royals,field,,EJG Morgan
829789,2015,2015-05-08,Chennai Super Kings,Mumbai Indians,Mumbai Indians,"MA Chidambaram Stadium, Chepauk",Chennai,Chennai Super Kings,bat,,HH Pandya
829791,2015,2015-05-09,Kolkata Knight Riders,Kings XI Punjab,Kolkata Knight Riders,Eden Gardens,Kolkata,Kings XI Punjab,bat,,AD Russell
829793,2015,2015-05-09,Delhi Daredevils,Sunrisers Hyderabad,Sunrisers Hyderabad,Shaheed Veer Narayan Singh International Stadium,Raipur,Sunrisers Hyderabad,bat,,MC Henriques
829795,2015,2015-05-10,Mumbai Indians,Royal Challengers Bangalore,Royal Challengers Bangalore,Wankhede Stadium,Mumbai,Royal Challengers Bangalore,bat,,AB de Villiers
829797,2015,2015-05-10,Chennai Super Kings,Rajasthan Royals,Chennai Super Kings,"MA Chidambaram Stadium, Chepauk",Chennai,Chennai Super Kings,bat,,RA Jadeja
829799,2015,2015-05-11,Sunrisers Hyderabad,Kings XI Punjab,Sunrisers Hyderabad,"Rajiv Gandhi International Stadium, Uppal",Hyderabad,Sunrisers Hyderabad,bat,,DA Warner
829801,2015,2015-05-12,Delhi Daredevils,Chennai Super Kings,Delhi Daredevils,Shaheed Veer Narayan Singh International Stadium,Raipur,Chennai Super Kings,bat,,Z Khan
829803,2015,2015-05-13,Kings XI Punjab,Royal Challengers Bangalore,Kings XI Punjab,"Punjab Cricket Association Stadium, Mohali",Chandigarh,Royal Challengers Bangalore,field,,AR Patel
829805,2015,2015-05-14,Mumbai Indians,Kolkata Knight Riders,Mumbai Indians,Wankhede Stadium,Mumbai,Kolkata Knight Riders,field,,HH Pandya
829807,2015,2015-05-15,Sunrisers Hyderabad,Royal Challengers Bangalore,Royal Challengers Bangalore,"Rajiv Gandhi International Stadium, Uppal",Hyderabad,Sunrisers Hyderabad,bat,,V Kohli
829809,2015,2015-05-16,Kings XI Punjab,Chennai Super Kings,Chennai Super Kings,"Punjab Cricket Association Stadium, Mohali",Chandigarh,Kings XI Punjab,bat,,P Negi
829811,2015,2015-05-16,Rajasthan Royals,Kolkata Knight Riders,Rajasthan Royals,Brabourne Stadium,Mumbai,Rajasthan Royals,bat,,SR Watson
829813,2015,2015-05-17,Royal Challengers Bangalore,Delhi Daredevils,,M Chinnaswamy Stadium,Bangalore,Royal Challengers Bangalore,field,no result,
829815,2015,2015-05-17,Sunrisers Hyderabad,Mumbai Indians,Mumbai Indians,"Rajiv Gandhi International Stadium, Uppal",Hyderabad,Sunrisers Hyderabad,bat,,MJ McClenaghan
829817,2015,2015-05-19,Chennai Super Kings,Mumbai Indians,Mumbai Indians,Wankhede Stadium,Mumbai,Mumbai Indians,bat,,KA Pollard
829819,2015,2015-05-20,Royal Challengers Bangalore,Rajasthan Royals,Royal Challengers Bangalore,Maharashtra Cricket Association Stadium,Pune,Royal Challengers Bangalore,bat,,AB de Villiers
829821,2015,2015-05-22,Chennai Super Kings,Royal Challengers Bangalore,Chennai Super Kings,JSCA International Stadium Complex,Ranchi,Chennai Super Kings,field,,A Nehra
829823,2015,2015-05-24,Mumbai Indians,Chennai Super Kings,Mumbai Indians,Eden Gardens,Kolkata,Chennai Super Kings,field,,RG Sharma
980901,2016,2016-04-09,Mumbai Indians,Rising Pune Supergiants,Rising Pune Supergiants,Wankhede Stadium,Mumbai,Mumbai Indians,bat,,AM Rahane
980903,2016,2016-04-10,Kolkata Knight Riders,Delhi Daredevils,Kolkata Knight Riders,Eden Gardens,Kolkata,Kolkata Knight Riders,field,,AD Russell
980905,2016,2016-04-11,Kings XI Punjab,Gujarat Lions,Gujarat Lions,"Punjab Cricket Association IS Bindra Stadium, Mohali",Chandigarh,Gujarat Lions,field,,AJ Finch
980907,2016,2016-04-12,Royal Challengers Bangalore,Sunrisers Hyderabad,Royal Challengers Bangalore,M Chinnaswamy Stadium,Bangalore,Sunrisers Hyderabad,field,,AB de Villiers
980909,2016,2016-04-13,Kolkata Knight Riders,Mumbai Indians,Mumbai Indians,Eden Gardens,Kolkata,Mumbai Indians,field,,RG Sharma
980911,2016,2016-04-14,Gujarat Lions,Rising Pune Supergiants,Gujarat Lions,Saurashtra Cricket Association Stadium,Rajkot,Rising Pune Supergiants,bat,,AJ Finch
980913,2016,2016-04-15,Delhi Daredevils,Kings XI Punjab,Delhi Daredevils,Feroz Shah Kotla,Delhi,Delhi Daredevils,field,,A Mishra
980915,2016,2016-04-16,Sunrisers Hyderabad,Kolkata Knight Riders,Kolkata Knight Riders,"Rajiv Gandhi International Stadium, Uppal",Hyderabad,Sunrisers Hyderabad,bat,,G Gambhir
980917,2016,2016-04-16,Mumbai Indians,Gujarat Lions,Gujarat Lions,Wankhede Stadium,Mumbai,Gujarat Lions,field,,AJ Finch
980919,2016,2016-04-17,Kings XI Punjab,Rising Pune Supergiants,Kings XI Punjab,"Punjab Cricket Association IS Bindra Stadium, Mohali",Chandigarh,Rising Pune Supergiants,bat,,M Vohra
980921,2016,2016-04-17,Royal Challengers Bangalore,Delhi Daredevils,Delhi Daredevils,M Chinnaswamy Stadium,Bangalore,Delhi Daredevils,field,,Q de Kock
980923,2016,2016-04-18,Sunrisers Hyderabad,Mumbai Indians,Sunrisers Hyderabad,"Rajiv Gandhi International Stadium, Uppal",Hyderabad,Sunrisers Hyderabad,field,,DA Warner
980925,2016,2016-04-19,Kings XI Punjab,Kolkata Knight Riders,Kolkata Knight Riders,"Punjab Cricket Association IS Bindra Stadium, Mohali",Chandigarh,Kolkata Knight Riders,field,,RV Uthappa
980927,2016,2016-04-20,Mumbai Indians,Royal Challengers Bangalore,Mumbai Indians,Wankhede Stadium,Mumbai,Mumbai Indians,field,,RG Sharma
980929,2016,2016-04-21,Gujarat Lions,Sunrisers Hyderabad,Sunrisers Hyderabad,Saurashtra Cricket Association Stadium,Rajkot,Sunrisers Hyderabad,field,,B Kumar
980931,2016,2016-04-22,Rising Pune Supergiants,Royal Challengers Bangalore,Royal Challengers Bangalore,Maharashtra Cricket Association Stadium,Pune,Rising Pune Supergiants,field,,AB de Villiers
980933,2016,2016-04-23,Delhi Daredevils,Mumbai Indians,Delhi Daredevils,Feroz Shah Kotla,Delhi,Mumbai Indians,field,,SV Samson
980935,2016,2016-04-23,Sunrisers Hyderabad,Kings XI Punjab,Sunrisers Hyderabad,"Rajiv Gandhi International Stadium, Uppal",Hyderabad,Sunrisers Hyderabad,field,,Mustafizur Rahman
980937,2016,2016-04-24,Gujarat Lions,Royal Challengers Bangalore,Gujarat Lions,Saurashtra Cricket Association Stadium,Rajkot,Royal Challengers Bangalore,bat,,V Kohli
980939,2016,2016-04-24,Rising Pune Supergiants,Kolkata Knight Riders,Kolkata Knight Riders,Maharashtra Cricket Association Stadium,Pune,Kolkata Knight Riders,field,,SA Yadav
980941,2016,2016-04-25,Kings XI Punjab,Mumbai Indians,Mumbai Indians,"Punjab Cricket Association IS Bindra Stadium, Mohali",Chandigarh,Kings XI Punjab,field,,PA Patel
980943,2016,2016-04-26,Sunrisers Hyderabad,Rising Pune Supergiants,Rising Pune Supergiants,"Rajiv Gandhi International Stadium, Uppal",Hyderabad,Rising Pune Supergiants,field,,AB Dinda
980945,2016,2016-04-27,Delhi Daredevils,Gujarat Lions,Gujarat Lions,Feroz Shah Kotla,Delhi,Delhi Daredevils,field,,CH Morris
980947,2016,2016-04-28,Mumbai Indians,Kolkata Knight Riders,Mumbai Indians,Wankhede Stadium,Mumbai,Mumbai Indians,field,,RG Sharma
980949,2016,2016-04-29,Rising Pune Supergiants,Gujarat Lions,Gujarat Lions,Maharashtra Cricket Association Stadium,Pune,Gujarat Lions,field,,DR Smith
980951,2016,2016-04-30,Delhi Daredevils,Kolkata Knight Riders,Delhi Daredevils,Feroz Shah Kotla,Delhi,Kolkata Knight Riders,field,,CR Brathwaite
980953,2016,2016-04-30,Sunrisers Hyderabad,Royal Challengers Bangalore,Sunrisers Hyderabad,"Rajiv Gandhi International Stadium, Uppal",Hyderabad,Royal Challengers Bangalore,field,,DA Warner
980955,2016,2016-05-01,Gujarat Lions,Kings XI Punjab,Kings XI Punjab,Saurashtra Cricket Association Stadium,Rajkot,Gujarat Lions,field,,AR Patel
980957,2016,2016-05-01,Rising Pune Supergiants,Mumbai Indians,Mumbai Indians,Maharashtra Cricket Association Stadium,Pune,Mumbai Indians,field,,RG Sharma
980959,2016,2016-05-02,Royal Challengers Bangalore,Kolkata Knight Riders,Kolkata Knight Riders,M Chinnaswamy Stadium,Bangalore,Kolkata Knight Riders,field,,AD Russell
980961,2016,2016-05-03,Gujarat Lions,Delhi Daredevils,Delhi Daredevils,Saurashtra Cricket Association Stadium,Rajkot,Delhi Daredevils,field,,RR Pant
980963,2016,2016-05-04,Kolkata Knight Riders,Kings XI Punjab,Kolkata Knight Riders,Eden Gardens,Kolkata,Kings XI Punjab,field,,AD Russell
980965,2016,2016-05-05,Delhi Daredevils,Rising Pune Supergiants,Rising Pune Supergiants,Feroz Shah Kotla,Delhi,Rising Pune Supergiants,field,,AM Rahane
980967,2016,2016-05-06,Sunrisers Hyderabad,Gujarat Lions,Sunrisers Hyderabad,"Rajiv Gandhi International Stadium, Uppal",Hyderabad,Sunrisers Hyderabad,field,,B Kumar
980969,2016,2016-05-07,Royal Challengers Bangalore,Rising Pune Supergiants,Royal Challengers Bangalore,M Chinnaswamy Stadium,Bangalore,Royal Challengers Bangalore,field,,V Kohli
980971,2016,2016-05-07,Kings XI Punjab,Delhi Daredevils,Kings XI Punjab,"Punjab Cricket Association IS Bindra Stadium, Mohali",Chandigarh,Delhi Daredevils,field,,MP Stoinis
980973,2016,2016-05-08,Mumbai Indians,Sunrisers Hyderabad,Sunrisers Hyderabad,Dr. Y.S. Rajasekhara Reddy ACA-VDCA Cricket Stadium,Visakhapatnam,Mumbai Indians,field,,A Nehra
980975,2016,2016-05-08,Kolkata Knight Riders,Gujarat Lions,Gujarat Lions,Eden Gardens,Kolkata,Gujarat Lions,field,,P Kumar
980977,2016,2016-05-09,Kings XI Punjab,Royal Challengers Bangalore,Royal Challengers Bangalore,"Punjab Cricket Association IS Bindra Stadium, Mohali",Chandigarh,Kings XI Punjab,field,,SR Watson
980979,2016,2016-05-10,Rising Pune Supergiants,Sunrisers Hyderabad,Sunrisers Hyderabad,Dr. Y.S. Rajasekhara Reddy ACA-VDCA Cricket Stadium,Visakhapatnam,Sunrisers Hyderabad,bat,,A Zampa
980981,2016,2016-05-11,Royal Challengers Bangalore,Mumbai Indians,Mumbai Indians,M Chinnaswamy Stadium,Bangalore,Mumbai Indians,field,,KH Pandya
980983,2016,2016-05-12,Sunrisers Hyderabad,Delhi Daredevils,Delhi Daredevils,"Rajiv Gandhi International Stadium, Uppal",Hyderabad,Delhi Daredevils,field,,CH Morris
980985,2016,2016-05-13,Mumbai Indians,Kings XI Punjab,Kings XI Punjab,Dr. Y.S. Rajasekhara Reddy ACA-VDCA Cricket Stadium,Visakhapatnam,Mumbai Indians,bat,,MP Stoinis
980987,2016,2016-05-14,Royal Challengers Bangalore,Gujarat Lions,Royal Challengers Bangalore,M Chinnaswamy Stadium,Bangalore,Gujarat Lions,field,,AB de Villiers
980989,2016,2016-05-14,Kolkata Knight Riders,Rising Pune Supergiants,Kolkata Knight Riders,Eden Gardens,Kolkata,Rising Pune Supergiants,bat,,YK Pathan
980991,2016,2016-05-15,Kings XI Punjab,Sunrisers Hyderabad,Sunrisers Hyderabad,"Punjab Cricket Association IS Bindra Stadium, Mohali",Chandigarh,Kings XI Punjab,bat,,HM Amla
980993,2016,2016-05-15,Mumbai Indians,Delhi Daredevils,Mumbai Indians,Dr. Y.S. Rajasekhara Reddy ACA-VDCA Cricket Stadium,Visakhapatnam,Delhi Daredevils,field,,KH Pandya
980995,2016,2016-05-16,Kolkata Knight Riders,Royal Challengers Bangalore,Royal Challengers Bangalore,Eden Gardens,Kolkata,Royal Challengers Bangalore,field,,V Kohli
980997,2016,2016-05-17,Rising Pune Supergiants,Delhi Daredevils,Rising Pune Supergiants,Dr. Y.S. Rajasekhara Reddy ACA-VDCA Cricket Stadium,Visakhapatnam,Rising Pune Supergiants,field,,AB Dinda
980999,2016,2016-05-18,Royal Challengers Bangalore,Kings XI Punjab,Royal Challengers Bangalore,M Chinnaswamy Stadium,Bangalore,Kings XI Punjab,field,,V Kohli
981001,2016,2016-05-19,Gujarat Lions,Kolkata Knight Riders,Gujarat Lions,Green Park,Kanpur,Gujarat Lions,field,,DR Smith
981003,2016,2016-05-20,Delhi Daredevils,Sunrisers Hyderabad,Delhi Daredevils,Shaheed Veer Narayan Singh International Stadium,Raipur,Delhi Daredevils,field,,KK Nair
981005,2016,2016-05-21,Rising Pune Supergiants,Kings XI Punjab,Rising Pune Supergiants,Dr. Y.S. Rajasekhara Reddy ACA-VDCA Cricket Stadium,Visakhapatnam,Kings XI Punjab,bat,,MS Dhoni
981007,2016,2016-05-21,Gujarat Lions,Mumbai Indians,Gujarat Lions,Green Park,Kanpur,Gujarat Lions,field,,SK Raina
981009,2016,2016-05-22,Kolkata Knight Riders,Sunrisers Hyderabad,Kolkata Knight Riders,Eden Gardens,Kolkata,Sunrisers Hyderabad,field,,YK Pathan
981011,2016,2016-05-22,Delhi Daredevils,Royal Challengers Bangalore,Royal Challengers Bangalore,Shaheed Veer Narayan Singh International Stadium,Raipur,Royal Challengers Bangalore,field,,V Kohli
981013,2016,2016-05-24,Gujarat Lions,Royal Challengers Bangalore,Royal Challengers Bangalore,M Chinnaswamy Stadium,Bangalore,Royal Challengers Bangalore,field,,AB de Villiers
981015,2016,2016-05-25,Sunrisers Hyderabad,Kolkata Knight Riders,Sunrisers Hyderabad,Feroz Shah Kotla,Delhi,Kolkata Knight Riders,field,,MC Henriques
981017,2016,2016-05-27,Gujarat Lions,Sunrisers Hyderabad,Sunrisers Hyderabad,Feroz Shah Kotla,Delhi,Sunrisers Hyderabad,field,,DA Warner
981019,2016,2016-05-29,Royal Challengers Bangalore,Sunrisers Hyderabad,Sunrisers Hyderabad,M Chinnaswamy Stadium,Bangalore,Sunrisers Hyderabad,bat,,BCJ Cutting
